,nCpds,nGenes,Km0_cpd,Km0_gene,Km1_cpd,Km1_gene,Km2_cpd,Km2_gene,Km3_cpd,Km3_gene,Km4_cpd,Km4_gene,Km5_cpd,Km5_gene,pathwayInfo,pathwayGroup_A,pathwayGroup_B
ko00010,31,96,0,11,3,0,0,1,0,2,1,0,0,0,Glycolysis / Gluconeogenesis,Metabolism,Carbohydrate metabolism
ko00020,20,57,3,15,2,0,0,0,0,2,0,1,0,1,Citrate cycle (TCA cycle),Metabolism,Carbohydrate metabolism
ko00030,35,75,0,2,2,0,0,1,0,0,0,0,0,0,Pentose phosphate pathway,Metabolism,Carbohydrate metabolism
ko00040,55,63,1,5,1,0,0,1,0,0,0,0,0,1,Pentose and glucuronate interconversions,Metabolism,Carbohydrate metabolism
ko00051,53,98,6,7,7,0,0,1,4,1,0,0,0,2,Fructose and mannose metabolism,Metabolism,Carbohydrate metabolism
ko00052,45,74,2,7,11,1,0,2,2,2,0,1,0,2,Galactose metabolism,Metabolism,Carbohydrate metabolism
ko00053,47,44,2,9,5,0,0,3,0,0,1,1,0,0,Ascorbate and aldarate metabolism,Metabolism,Carbohydrate metabolism
ko00061,50,33,1,0,1,0,0,0,0,1,0,1,0,0,Fatty acid biosynthesis,Metabolism,Lipid metabolism
ko00062,40,23,0,1,0,0,0,0,0,0,0,0,0,0,Fatty acid elongation,Metabolism,Lipid metabolism
ko00071,50,53,0,8,0,0,0,1,0,2,1,1,0,0,Fatty acid degradation,Metabolism,Lipid metabolism
ko00072,6,8,0,2,0,0,0,0,0,1,0,0,0,0,Synthesis and degradation of ketone bodies,Metabolism,Lipid metabolism
ko00073,27,12,0,1,1,0,0,0,1,0,0,0,0,0,"Cutin, suberine and wax biosynthesis",Metabolism,Lipid metabolism
ko00100,48,30,0,2,1,0,0,0,0,0,0,0,0,0,Steroid biosynthesis,Metabolism,Lipid metabolism
ko00120,47,18,1,3,2,0,0,0,0,0,1,1,0,0,Primary bile acid biosynthesis,Metabolism,Lipid metabolism
ko00121,35,8,1,0,0,0,0,0,0,0,1,1,0,0,Secondary bile acid biosynthesis,Metabolism,Lipid metabolism
ko00130,90,55,3,14,4,2,0,0,2,1,0,0,0,0,Ubiquinone and other terpenoid-quinone biosynthesis,Metabolism,Metabolism of cofactors and vitamins
ko00140,99,46,9,9,18,2,0,1,15,4,15,2,9,3,Steroid hormone biosynthesis,Metabolism,Lipid metabolism
ko00190,16,215,1,5,0,0,0,0,1,1,0,0,0,1,Oxidative phosphorylation,Metabolism,Energy metabolism
ko00195,11,63,0,0,0,0,0,0,0,0,0,0,0,0,Photosynthesis,Metabolism,Energy metabolism
ko00196,0,41,0,0,0,0,0,0,0,0,0,0,0,0,Photosynthesis - antenna proteins,Metabolism,Energy metabolism
ko00220,23,56,1,9,0,0,0,2,0,3,0,0,0,0,Arginine biosynthesis,Metabolism,Amino acid metabolism
ko00230,92,266,4,27,0,3,0,7,3,9,7,1,0,5,Purine metabolism,Metabolism,Nucleotide metabolism
ko00231,12,9,1,0,0,0,0,0,0,0,0,0,0,0,Puromycin biosynthesis,Metabolism,Biosynthesis of other secondary metabolites
ko00232,21,9,0,1,0,1,0,0,0,0,1,0,0,0,Caffeine metabolism,Metabolism,Biosynthesis of other secondary metabolites
ko00240,66,167,4,17,0,1,0,3,3,3,0,1,0,2,Pyrimidine metabolism,Metabolism,Nucleotide metabolism
ko00250,28,67,3,20,1,0,0,5,0,4,0,0,0,0,"Alanine, aspartate and glutamate metabolism",Metabolism,Amino acid metabolism
ko00253,22,20,0,0,0,0,0,0,0,0,0,0,0,0,Tetracycline biosynthesis,Metabolism,Metabolism of terpenoids and polyketides
ko00254,27,13,0,0,0,0,0,0,0,0,0,0,0,0,Aflatoxin biosynthesis,Metabolism,Biosynthesis of other secondary metabolites
ko00260,50,93,0,8,0,1,0,0,0,3,1,0,0,2,"Glycine, serine and threonine metabolism",Metabolism,Amino acid metabolism
ko00261,39,28,3,0,0,0,0,0,0,0,0,0,0,0,Monobactam biosynthesis,Metabolism,Biosynthesis of other secondary metabolites
ko00270,62,92,2,16,0,1,0,3,0,3,0,1,0,0,Cysteine and methionine metabolism,Metabolism,Amino acid metabolism
ko00280,40,68,1,12,0,0,0,0,0,3,4,0,0,1,"Valine, leucine and isoleucine degradation",Metabolism,Amino acid metabolism
ko00281,21,16,0,0,1,0,0,0,0,0,0,0,0,0,Geraniol degradation,Metabolism,Metabolism of terpenoids and polyketides
ko00290,23,17,4,5,0,1,0,6,0,0,10,0,0,0,"Valine, leucine and isoleucine biosynthesis",Metabolism,Amino acid metabolism
ko00300,35,46,2,5,0,1,0,4,0,0,0,0,0,0,Lysine biosynthesis,Metabolism,Amino acid metabolism
ko00310,52,71,6,16,1,0,0,2,1,2,1,1,0,2,Lysine degradation,Metabolism,Amino acid metabolism
ko00311,18,15,0,0,0,0,0,0,0,0,0,0,0,0,Penicillin and cephalosporin biosynthesis,Metabolism,Biosynthesis of other secondary metabolites
ko00330,76,95,2,13,0,0,0,2,0,2,1,0,0,1,Arginine and proline metabolism,Metabolism,Amino acid metabolism
ko00331,10,5,0,0,0,0,0,0,0,0,0,0,0,0,Clavulanic acid biosynthesis,Metabolism,Biosynthesis of other secondary metabolites
ko00332,32,19,0,0,0,0,0,0,0,0,0,0,0,0,Carbapenem biosynthesis,Metabolism,Biosynthesis of other secondary metabolites
ko00340,47,43,2,6,0,0,0,0,0,1,0,1,0,3,Histidine metabolism,Metabolism,Amino acid metabolism
ko00350,77,69,9,17,2,2,0,2,0,3,0,1,0,1,Tyrosine metabolism,Metabolism,Amino acid metabolism
ko00360,72,75,15,18,1,2,0,4,0,5,3,1,0,0,Phenylalanine metabolism,Metabolism,Amino acid metabolism
ko00361,80,45,1,0,0,0,0,0,0,0,1,0,0,0,Chlorocyclohexane and chlorobenzene degradation,Metabolism,Xenobiotics biodegradation and metabolism
ko00362,66,90,5,1,6,0,0,1,0,0,2,0,0,0,Benzoate degradation,Metabolism,Xenobiotics biodegradation and metabolism
ko00363,25,5,5,2,2,0,0,0,0,1,0,0,0,0,Bisphenol degradation,Metabolism,Xenobiotics biodegradation and metabolism
ko00364,32,14,0,0,0,0,0,0,0,0,0,0,0,0,Fluorobenzoate degradation,Metabolism,Xenobiotics biodegradation and metabolism
ko00365,10,8,1,0,0,0,0,0,0,0,1,0,0,0,Furfural degradation,Metabolism,Xenobiotics biodegradation and metabolism
ko00380,81,64,0,9,0,1,0,1,0,5,3,1,0,2,Tryptophan metabolism,Metabolism,Amino acid metabolism
ko00400,35,72,4,15,0,1,2,3,0,2,3,1,0,2,"Phenylalanine, tyrosine and tryptophan biosynthesis",Metabolism,Amino acid metabolism
ko00401,33,30,1,5,1,1,0,0,0,0,1,0,0,0,Novobiocin biosynthesis,Metabolism,Biosynthesis of other secondary metabolites
ko00402,9,9,0,0,0,0,0,0,0,0,0,0,0,0,Benzoxazinoid biosynthesis,Metabolism,Biosynthesis of other secondary metabolites
ko00403,33,13,1,0,0,0,0,0,0,0,0,0,0,0,Indole diterpene alkaloid biosynthesis,Metabolism,Biosynthesis of other secondary metabolites
ko00410,32,43,0,8,0,1,0,0,0,0,1,1,0,1,beta-Alanine metabolism,Metabolism,Metabolism of other amino acids
ko00430,22,24,2,1,0,0,0,0,0,1,0,0,0,0,Taurine and hypotaurine metabolism,Metabolism,Metabolism of other amino acids
ko00440,51,35,0,0,0,0,0,0,0,0,1,0,0,2,Phosphonate and phosphinate metabolism,Metabolism,Metabolism of other amino acids
ko00450,27,28,0,3,0,0,0,0,0,1,0,0,0,0,Selenocompound metabolism,Metabolism,Metabolism of other amino acids
ko00460,45,32,2,2,0,0,0,1,0,0,2,0,0,0,Cyanoamino acid metabolism,Metabolism,Metabolism of other amino acids
ko00471,12,6,1,3,1,0,0,0,0,0,0,0,0,0,D-Glutamine and D-glutamate metabolism,Metabolism,Metabolism of other amino acids
ko00472,10,4,0,1,0,0,0,0,0,0,0,0,0,0,D-Arginine and D-ornithine metabolism,Metabolism,Metabolism of other amino acids
ko00473,6,5,0,1,0,1,0,0,0,0,0,0,0,0,D-Alanine metabolism,Metabolism,Metabolism of other amino acids
ko00480,38,40,1,2,0,0,1,2,0,2,1,0,0,0,Glutathione metabolism,Metabolism,Metabolism of other amino acids
ko00500,51,102,0,6,9,0,0,3,2,2,0,1,0,1,Starch and sucrose metabolism,Metabolism,Carbohydrate metabolism
ko00510,36,43,0,4,0,0,0,2,0,0,0,0,0,0,N-Glycan biosynthesis,Metabolism,Glycan biosynthesis and metabolism
ko00511,0,18,0,6,0,1,0,0,0,0,0,0,0,0,Other glycan degradation,Metabolism,Glycan biosynthesis and metabolism
ko00512,15,11,0,0,0,0,0,0,0,0,0,0,0,0,Mucin type O-Glycan biosynthesis,Metabolism,Glycan biosynthesis and metabolism
ko00513,28,49,0,2,0,0,0,1,0,0,0,0,0,0,Various types of N-glycan biosynthesis,Metabolism,Glycan biosynthesis and metabolism
ko00514,0,31,0,2,0,0,0,2,0,0,0,0,0,0,Other types of O-glycan biosynthesis,Metabolism,Glycan biosynthesis and metabolism
ko00520,108,147,0,5,5,1,0,3,0,5,3,0,0,1,Amino sugar and nucleotide sugar metabolism,Metabolism,Carbohydrate metabolism
ko00521,24,18,0,2,2,0,0,0,0,1,0,0,0,0,Streptomycin biosynthesis,Metabolism,Biosynthesis of other secondary metabolites
ko00522,76,36,2,0,2,0,2,0,1,0,3,0,0,0,"Biosynthesis of 12-, 14- and 16-membered macrolides",Metabolism,Metabolism of terpenoids and polyketides
ko00523,37,37,0,0,0,0,0,0,0,0,0,0,0,0,Polyketide sugar unit biosynthesis,Metabolism,Metabolism of terpenoids and polyketides
ko00524,33,21,3,0,1,0,0,0,2,1,1,0,0,0,Butirosin and neomycin biosynthesis,Metabolism,Biosynthesis of other secondary metabolites
ko00531,27,15,0,0,0,1,0,0,0,0,0,0,0,0,Glycosaminoglycan degradation,Metabolism,Glycan biosynthesis and metabolism
ko00532,12,18,0,1,0,0,0,0,0,0,0,0,0,0,Glycosaminoglycan biosynthesis - chondroitin sulfate / dermatan sulfate,Metabolism,Glycan biosynthesis and metabolism
ko00533,0,14,0,0,0,0,0,1,0,0,0,0,0,0,Glycosaminoglycan biosynthesis - keratan sulfate,Metabolism,Glycan biosynthesis and metabolism
ko00534,7,22,0,0,0,0,0,0,0,0,0,0,0,0,Glycosaminoglycan biosynthesis - heparan sulfate / heparin,Metabolism,Glycan biosynthesis and metabolism
ko00540,30,38,0,1,0,0,0,0,0,0,1,0,0,0,Lipopolysaccharide biosynthesis,Metabolism,Glycan biosynthesis and metabolism
ko00550,27,40,0,2,1,1,0,0,0,0,1,0,0,1,Peptidoglycan biosynthesis,Metabolism,Glycan biosynthesis and metabolism
ko00561,34,76,0,6,0,0,0,0,1,0,0,0,0,2,Glycerolipid metabolism,Metabolism,Lipid metabolism
ko00562,44,60,0,6,2,0,0,0,0,0,0,0,0,0,Inositol phosphate metabolism,Metabolism,Carbohydrate metabolism
ko00563,16,26,0,0,0,0,0,0,0,0,0,0,0,0,Glycosylphosphatidylinositol(GPI)-anchor biosynthesis,Metabolism,Glycan biosynthesis and metabolism
ko00564,52,109,0,8,0,0,0,1,0,1,1,1,0,0,Glycerophospholipid metabolism,Metabolism,Lipid metabolism
ko00565,25,29,0,1,0,0,0,0,0,0,1,0,0,0,Ether lipid metabolism,Metabolism,Lipid metabolism
ko00590,75,44,12,7,16,3,1,1,26,2,17,1,0,2,Arachidonic acid metabolism,Metabolism,Lipid metabolism
ko00591,28,25,2,2,3,1,0,0,0,0,0,0,4,1,Linoleic acid metabolism,Metabolism,Lipid metabolism
ko00592,42,23,9,1,10,1,1,0,7,0,0,0,0,0,alpha-Linolenic acid metabolism,Metabolism,Lipid metabolism
ko00600,25,41,0,12,0,1,0,0,0,2,3,0,0,1,Sphingolipid metabolism,Metabolism,Lipid metabolism
ko00601,52,25,0,0,0,0,0,1,0,0,0,0,0,0,Glycosphingolipid biosynthesis - lacto and neolacto series,Metabolism,Glycan biosynthesis and metabolism
ko00603,17,14,0,1,0,0,0,0,0,0,0,0,0,1,Glycosphingolipid biosynthesis - globo series,Metabolism,Glycan biosynthesis and metabolism
ko00604,31,14,0,0,0,1,0,0,0,0,0,0,0,0,Glycosphingolipid biosynthesis - ganglio series,Metabolism,Glycan biosynthesis and metabolism
ko00620,31,93,2,7,0,0,0,1,0,2,1,0,0,1,Pyruvate metabolism,Metabolism,Carbohydrate metabolism
ko00621,58,25,3,1,0,1,0,1,0,0,1,0,0,0,Dioxin degradation,Metabolism,Xenobiotics biodegradation and metabolism
ko00622,38,34,2,1,0,0,0,1,0,0,3,0,0,0,Xylene degradation,Metabolism,Xenobiotics biodegradation and metabolism
ko00623,43,43,6,0,0,0,0,0,0,0,0,0,0,0,Toluene degradation,Metabolism,Xenobiotics biodegradation and metabolism
ko00624,105,42,12,0,2,1,0,0,0,1,0,0,0,0,Polycyclic aromatic hydrocarbon degradation,Metabolism,Xenobiotics biodegradation and metabolism
ko00625,40,30,0,5,0,0,0,0,0,1,0,0,0,0,Chloroalkane and chloroalkene degradation,Metabolism,Xenobiotics biodegradation and metabolism
ko00626,60,28,8,2,0,1,0,0,0,1,0,0,0,0,Naphthalene degradation,Metabolism,Xenobiotics biodegradation and metabolism
ko00627,85,66,12,3,1,0,0,0,0,4,4,1,0,0,Aminobenzoate degradation,Metabolism,Xenobiotics biodegradation and metabolism
ko00630,60,95,3,8,2,0,0,0,0,0,0,0,0,1,Glyoxylate and dicarboxylate metabolism,Metabolism,Carbohydrate metabolism
ko00633,27,17,0,1,0,0,0,0,0,0,0,0,0,0,Nitrotoluene degradation,Metabolism,Xenobiotics biodegradation and metabolism
ko00640,47,95,2,12,0,0,0,0,0,3,0,0,0,0,Propanoate metabolism,Metabolism,Carbohydrate metabolism
ko00642,14,17,0,0,0,0,0,0,0,0,0,0,0,0,Ethylbenzene degradation,Metabolism,Xenobiotics biodegradation and metabolism
ko00643,24,22,2,0,0,0,0,0,0,1,0,0,0,0,Styrene degradation,Metabolism,Xenobiotics biodegradation and metabolism
ko00650,41,86,3,12,1,1,0,1,1,1,2,0,0,3,Butanoate metabolism,Metabolism,Carbohydrate metabolism
ko00660,32,25,3,4,0,1,0,3,0,0,1,0,0,0,C5-Branched dibasic acid metabolism,Metabolism,Carbohydrate metabolism
ko00670,9,33,0,3,0,0,0,0,0,0,0,0,0,0,One carbon pool by folate,Metabolism,Metabolism of cofactors and vitamins
ko00680,77,158,0,3,0,0,0,0,1,2,0,0,0,0,Methane metabolism,Metabolism,Energy metabolism
ko00710,23,36,0,2,0,0,0,1,0,1,0,0,0,1,Carbon fixation in photosynthetic organisms,Metabolism,Energy metabolism
ko00720,44,106,3,10,2,0,0,0,0,1,0,0,0,2,Carbon fixation pathways in prokaryotes,Metabolism,Energy metabolism
ko00730,30,24,1,3,0,0,0,0,0,0,0,0,0,0,Thiamine metabolism,Metabolism,Metabolism of cofactors and vitamins
ko00740,24,26,1,5,0,0,0,0,1,0,0,0,0,3,Riboflavin metabolism,Metabolism,Metabolism of cofactors and vitamins
ko00750,28,23,1,4,0,0,0,1,0,1,1,2,0,0,Vitamin B6 metabolism,Metabolism,Metabolism of cofactors and vitamins
ko00760,49,60,2,11,0,1,0,1,0,0,0,0,0,2,Nicotinate and nicotinamide metabolism,Metabolism,Metabolism of cofactors and vitamins
ko00770,28,36,1,10,0,1,0,3,0,1,3,1,0,1,Pantothenate and CoA biosynthesis,Metabolism,Metabolism of cofactors and vitamins
ko00780,28,23,2,6,0,0,0,1,1,0,0,0,0,0,Biotin metabolism,Metabolism,Metabolism of cofactors and vitamins
ko00785,6,4,0,1,0,0,0,0,0,0,0,0,0,0,Lipoic acid metabolism,Metabolism,Metabolism of cofactors and vitamins
ko00790,35,47,0,7,0,0,0,0,0,0,1,1,0,0,Folate biosynthesis,Metabolism,Metabolism of cofactors and vitamins
ko00791,21,12,0,0,0,0,0,0,0,0,0,0,0,0,Atrazine degradation,Metabolism,Xenobiotics biodegradation and metabolism
ko00830,24,48,2,8,5,1,0,0,3,1,0,1,0,1,Retinol metabolism,Metabolism,Metabolism of cofactors and vitamins
ko00860,124,107,2,9,0,0,0,1,0,1,0,3,0,0,Porphyrin and chlorophyll metabolism,Metabolism,Metabolism of cofactors and vitamins
ko00900,45,53,1,7,3,1,0,0,2,1,0,1,0,0,Terpenoid backbone biosynthesis,Metabolism,Metabolism of terpenoids and polyketides
ko00901,47,10,0,0,1,0,0,0,0,0,1,1,0,0,Indole alkaloid biosynthesis,Metabolism,Biosynthesis of other secondary metabolites
ko00902,49,22,0,0,0,0,0,0,0,0,0,0,0,0,Monoterpenoid biosynthesis,Metabolism,Metabolism of terpenoids and polyketides
ko00903,64,14,1,1,7,0,0,0,1,1,0,0,0,0,Limonene and pinene degradation,Metabolism,Metabolism of terpenoids and polyketides
ko00904,99,42,11,0,10,0,0,1,14,0,8,0,0,0,Diterpenoid biosynthesis,Metabolism,Metabolism of terpenoids and polyketides
ko00905,29,10,0,0,0,0,0,0,0,0,0,0,0,0,Brassinosteroid biosynthesis,Metabolism,Metabolism of terpenoids and polyketides
ko00906,115,46,6,5,11,1,0,0,5,0,0,0,0,1,Carotenoid biosynthesis,Metabolism,Metabolism of terpenoids and polyketides
ko00908,39,8,2,1,1,0,0,0,1,0,1,0,0,0,Zeatin biosynthesis,Metabolism,Metabolism of terpenoids and polyketides
ko00909,88,66,2,1,1,1,0,0,5,0,0,0,0,0,Sesquiterpenoid and triterpenoid biosynthesis,Metabolism,Metabolism of terpenoids and polyketides
ko00910,19,56,0,3,0,0,0,0,0,4,0,0,0,1,Nitrogen metabolism,Metabolism,Energy metabolism
ko00920,29,92,1,3,0,0,0,0,0,1,0,1,0,1,Sulfur metabolism,Metabolism,Energy metabolism
ko00930,22,14,2,2,0,0,0,0,0,0,4,0,0,0,Caprolactam degradation,Metabolism,Xenobiotics biodegradation and metabolism
ko00940,65,32,8,7,3,0,1,1,1,2,1,0,0,0,Phenylpropanoid biosynthesis,Metabolism,Biosynthesis of other secondary metabolites
ko00941,68,19,0,1,0,0,0,0,0,0,0,0,2,0,Flavonoid biosynthesis,Metabolism,Biosynthesis of other secondary metabolites
ko00942,66,14,0,0,2,0,0,0,0,0,0,0,0,0,Anthocyanin biosynthesis,Metabolism,Biosynthesis of other secondary metabolites
ko00943,63,13,1,0,0,0,0,0,2,0,0,0,2,0,Isoflavonoid biosynthesis,Metabolism,Biosynthesis of other secondary metabolites
ko00944,49,12,2,0,0,0,0,0,2,0,0,1,7,0,Flavone and flavonol biosynthesis,Metabolism,Biosynthesis of other secondary metabolites
ko00945,25,13,2,1,4,0,0,0,3,1,0,0,0,0,"Stilbenoid, diarylheptanoid and gingerol biosynthesis",Metabolism,Biosynthesis of other secondary metabolites
ko00950,93,42,3,9,0,2,0,1,0,1,0,1,0,1,Isoquinoline alkaloid biosynthesis,Metabolism,Biosynthesis of other secondary metabolites
ko00960,68,25,5,8,0,2,0,1,0,0,2,0,0,0,"Tropane, piperidine and pyridine alkaloid biosynthesis",Metabolism,Biosynthesis of other secondary metabolites
ko00965,24,7,1,2,0,0,0,0,0,0,0,1,0,0,Betalain biosynthesis,Metabolism,Biosynthesis of other secondary metabolites
ko00966,75,15,3,0,0,0,0,0,0,0,6,0,0,0,Glucosinolate biosynthesis,Metabolism,Biosynthesis of other secondary metabolites
ko00970,52,64,3,24,0,0,0,2,0,0,4,0,0,0,Aminoacyl-tRNA biosynthesis,Genetic Information Processing,Translation
ko00980,121,33,3,4,0,2,2,3,5,3,0,1,0,1,Metabolism of xenobiotics by cytochrome P450,Metabolism,Xenobiotics biodegradation and metabolism
ko00981,25,16,4,0,3,0,0,0,3,0,1,1,0,0,Insect hormone biosynthesis,Metabolism,Metabolism of terpenoids and polyketides
ko00982,100,23,8,4,3,1,0,1,0,3,0,0,0,0,Drug metabolism - cytochrome P450,Metabolism,Xenobiotics biodegradation and metabolism
ko00983,49,22,1,7,0,1,0,2,0,1,0,1,0,0,Drug metabolism - other enzymes,Metabolism,Xenobiotics biodegradation and metabolism
ko00984,16,14,4,0,1,0,0,0,0,0,0,1,0,0,Steroid degradation,Metabolism,Xenobiotics biodegradation and metabolism
ko01040,54,29,1,1,0,0,0,0,2,0,0,0,0,0,Biosynthesis of unsaturated fatty acids,Metabolism,Lipid metabolism
ko01051,32,32,0,0,0,0,0,0,0,0,0,0,0,0,Biosynthesis of ansamycins,Metabolism,Metabolism of terpenoids and polyketides
ko01052,21,111,0,0,0,0,0,0,0,0,0,0,0,0,Type I polyketide structures,Metabolism,Metabolism of terpenoids and polyketides
ko01053,13,29,1,0,0,0,0,0,0,0,0,0,0,0,Biosynthesis of siderophore group nonribosomal peptides,Metabolism,Metabolism of terpenoids and polyketides
ko01054,14,54,0,0,0,0,0,0,0,0,0,0,0,0,Nonribosomal peptide structures,Metabolism,Metabolism of terpenoids and polyketides
ko01055,19,29,3,0,0,0,0,0,0,0,0,0,0,0,Biosynthesis of vancomycin group antibiotics,Metabolism,Metabolism of terpenoids and polyketides
ko01056,24,9,0,0,0,0,0,0,0,0,0,0,0,0,Biosynthesis of type II polyketide backbone,Metabolism,Metabolism of terpenoids and polyketides
ko01057,139,70,1,0,1,0,0,0,2,0,0,0,0,0,Biosynthesis of type II polyketide products,Metabolism,Metabolism of terpenoids and polyketides
ko01058,7,2,0,0,0,0,0,0,0,0,0,0,0,0,Acridone alkaloid biosynthesis,Metabolism,Biosynthesis of other secondary metabolites
ko01100,0,0,0,0,0,0,0,0,0,0,0,0,0,0,Metabolic pathways,Metabolism,Global and overview maps
ko01110,0,0,0,0,0,0,0,0,0,0,0,0,0,0,Biosynthesis of secondary metabolites,Metabolism,Global and overview maps
ko01120,0,0,0,0,0,0,0,0,0,0,0,0,0,0,Microbial metabolism in diverse environments,Metabolism,Global and overview maps
ko01130,0,0,0,0,0,0,0,0,0,0,0,0,0,0,Biosynthesis of antibiotics,Metabolism,Global and overview maps
ko01200,0,0,0,0,0,0,0,0,0,0,0,0,0,0,Carbon metabolism,Metabolism,Global and overview maps
ko01210,0,0,0,0,0,0,0,0,0,0,0,0,0,0,2-Oxocarboxylic acid metabolism,Metabolism,Global and overview maps
ko01212,0,0,0,0,0,0,0,0,0,0,0,0,0,0,Fatty acid metabolism,Metabolism,Global and overview maps
ko01220,0,0,0,0,0,0,0,0,0,0,0,0,0,0,Degradation of aromatic compounds,Metabolism,Global and overview maps
ko01230,0,0,0,0,0,0,0,0,0,0,0,0,0,0,Biosynthesis of amino acids,Metabolism,Global and overview maps
ko01501,0,0,0,0,0,0,0,0,0,0,0,0,0,0,beta-Lactam resistance,Human Diseases,Drug resistance
ko01502,0,0,0,0,0,0,0,0,0,0,0,0,0,0,Vancomycin resistance,Human Diseases,Drug resistance
ko01503,0,0,0,0,0,0,0,0,0,0,0,0,0,0,Cationic antimicrobial peptide (CAMP) resistance,Human Diseases,Drug resistance
ko02010,127,453,5,0,6,0,0,0,0,0,3,0,0,0,ABC transporters,Environmental Information Processing,Membrane transport
ko02020,48,455,2,2,2,1,0,1,0,1,0,1,0,0,Two-component system,Environmental Information Processing,Signal transduction
ko02030,6,26,0,0,1,0,0,0,0,0,0,0,0,0,Bacterial chemotaxis,Cellular Processes,Cell motility
ko02040,0,37,0,0,0,0,0,0,0,0,0,0,0,0,Flagellar assembly,Cellular Processes,Cell motility
ko02060,52,83,3,2,3,0,0,0,0,0,2,0,0,0,Phosphotransferase system (PTS),Environmental Information Processing,Membrane transport
ko03008,0,82,0,0,0,0,0,0,0,0,0,0,0,0,Ribosome biogenesis in eukaryotes,Genetic Information Processing,Translation
ko03010,0,143,0,1,0,0,0,0,0,0,0,0,0,0,Ribosome,Genetic Information Processing,Translation
ko03013,3,138,0,0,0,0,0,0,0,0,0,0,0,0,RNA transport,Genetic Information Processing,Translation
ko03015,0,59,0,0,0,0,0,0,0,1,0,0,0,0,mRNA surveillance pathway,Genetic Information Processing,Translation
ko03018,0,78,0,0,0,0,0,0,0,0,0,0,0,0,RNA degradation,Genetic Information Processing,"Folding, sorting and degradation"
ko03020,0,51,0,0,0,0,0,0,0,0,0,0,0,0,RNA polymerase,Genetic Information Processing,Transcription
ko03022,0,35,0,0,0,0,0,0,0,0,0,0,0,0,Basal transcription factors,Genetic Information Processing,Transcription
ko03030,0,59,0,2,0,0,0,0,0,0,0,0,0,0,DNA replication,Genetic Information Processing,Replication and repair
ko03040,0,121,0,0,0,0,0,0,0,0,0,0,0,0,Spliceosome,Genetic Information Processing,Transcription
ko03050,0,48,0,0,0,0,0,0,0,0,0,0,0,0,Proteasome,Genetic Information Processing,"Folding, sorting and degradation"
ko03060,0,39,0,0,0,0,0,0,0,0,0,0,0,0,Protein export,Genetic Information Processing,"Folding, sorting and degradation"
ko03070,1,74,0,0,0,0,0,0,0,0,0,0,0,0,Bacterial secretion system,Environmental Information Processing,Membrane transport
ko03320,5,58,1,2,3,0,0,0,0,1,1,1,0,0,PPAR signaling pathway,Organismal Systems,Endocrine system
ko03410,0,40,0,2,0,0,0,0,0,0,0,0,0,0,Base excision repair,Genetic Information Processing,Replication and repair
ko03420,0,47,0,2,0,0,0,0,0,0,0,0,0,0,Nucleotide excision repair,Genetic Information Processing,Replication and repair
ko03430,0,44,0,2,0,0,0,0,0,0,0,0,0,0,Mismatch repair,Genetic Information Processing,Replication and repair
ko03440,0,60,0,0,0,0,0,0,0,0,0,0,0,0,Homologous recombination,Genetic Information Processing,Replication and repair
ko03450,0,19,0,2,0,0,0,0,0,0,0,0,0,0,Non-homologous end-joining,Genetic Information Processing,Replication and repair
ko03460,0,54,0,0,0,0,0,0,0,0,0,0,0,0,Fanconi anemia pathway,Genetic Information Processing,Replication and repair
ko04010,5,193,0,0,0,0,0,0,0,0,0,0,0,0,MAPK signaling pathway,Environmental Information Processing,Signal transduction
ko04011,0,41,0,0,0,0,0,0,0,0,0,0,0,0,MAPK signaling pathway - yeast,Environmental Information Processing,Signal transduction
ko04012,4,67,0,0,0,0,0,0,0,0,0,0,0,0,ErbB signaling pathway,Environmental Information Processing,Signal transduction
ko04013,0,18,0,0,0,0,0,0,0,0,0,0,0,0,MAPK signaling pathway - fly,Environmental Information Processing,Signal transduction
ko04014,7,167,0,0,0,0,0,0,0,0,0,0,0,0,Ras signaling pathway,Environmental Information Processing,Signal transduction
ko04015,5,156,0,0,0,0,0,0,0,0,0,0,0,0,Rap1 signaling pathway,Environmental Information Processing,Signal transduction
ko04020,10,141,0,1,0,0,0,0,0,1,0,0,0,0,Calcium signaling pathway,Environmental Information Processing,Signal transduction
ko04022,14,117,1,2,0,0,0,0,0,0,2,0,0,0,cGMP-PKG signaling pathway,Environmental Information Processing,Signal transduction
ko04024,40,146,5,1,0,0,0,0,2,0,1,0,0,0,cAMP signaling pathway,Environmental Information Processing,Signal transduction
ko04060,0,211,0,0,0,0,0,0,0,0,0,0,0,0,Cytokine-cytokine receptor interaction,Environmental Information Processing,Signaling molecules and interaction
ko04062,5,146,0,0,0,0,0,0,0,0,0,0,0,0,Chemokine signaling pathway,Organismal Systems,Immune system
ko04064,3,87,0,1,0,0,0,0,0,0,0,0,0,0,NF-kappa B signaling pathway,Environmental Information Processing,Signal transduction
ko04066,15,71,1,0,1,0,0,0,0,0,0,0,0,0,HIF-1 signaling pathway,Environmental Information Processing,Signal transduction
ko04068,5,100,0,0,1,0,0,0,0,0,1,0,0,0,FoxO signaling pathway,Environmental Information Processing,Signal transduction
ko04070,29,49,0,4,1,0,0,0,0,0,0,0,0,0,Phosphatidylinositol signaling system,Environmental Information Processing,Signal transduction
ko04071,16,78,1,3,0,0,0,0,0,2,2,0,0,0,Sphingolipid signaling pathway,Environmental Information Processing,Signal transduction
ko04072,13,99,0,1,0,0,0,0,1,0,1,0,0,0,Phospholipase D signaling pathway,Environmental Information Processing,Signal transduction
ko04075,12,45,3,0,2,0,1,0,0,0,0,0,0,0,Plant hormone signal transduction,Environmental Information Processing,Signal transduction
ko04080,130,252,6,0,1,0,0,0,5,0,3,0,0,0,Neuroactive ligand-receptor interaction,Environmental Information Processing,Signaling molecules and interaction
ko04110,0,107,0,0,0,0,0,0,0,0,0,0,0,0,Cell cycle,Cellular Processes,Cell growth and death
ko04111,2,122,0,0,0,0,0,0,0,0,0,0,0,0,Cell cycle - yeast,Cellular Processes,Cell growth and death
ko04112,1,31,0,0,0,0,0,0,0,0,0,0,0,1,Cell cycle - Caulobacter,Cellular Processes,Cell growth and death
ko04113,3,99,0,0,1,0,0,0,0,0,0,0,0,0,Meiosis - yeast,Cellular Processes,Cell growth and death
ko04114,4,76,0,0,0,0,0,0,1,0,0,0,0,0,Oocyte meiosis,Cellular Processes,Cell growth and death
ko04115,0,59,0,0,0,0,0,0,0,0,0,0,0,0,p53 signaling pathway,Cellular Processes,Cell growth and death
ko04120,0,124,0,0,0,0,0,0,0,0,0,0,0,0,Ubiquitin mediated proteolysis,Genetic Information Processing,"Folding, sorting and degradation"
ko04122,10,21,1,3,0,0,0,0,0,0,1,0,0,0,Sulfur relay system,Genetic Information Processing,"Folding, sorting and degradation"
ko04130,0,34,0,0,0,0,0,0,0,0,0,0,0,0,SNARE interactions in vesicular transport,Genetic Information Processing,"Folding, sorting and degradation"
ko04140,5,24,0,0,0,0,0,0,0,0,0,0,0,0,Regulation of autophagy,Cellular Processes,Transport and catabolism
ko04141,6,140,0,3,0,0,0,0,0,0,0,0,0,0,Protein processing in endoplasmic reticulum,Genetic Information Processing,"Folding, sorting and degradation"
ko04142,4,102,0,7,1,1,0,0,0,1,0,0,0,1,Lysosome,Cellular Processes,Transport and catabolism
ko04144,6,177,0,0,0,0,0,0,0,0,0,0,0,0,Endocytosis,Cellular Processes,Transport and catabolism
ko04145,1,95,0,0,0,0,0,0,0,0,0,0,0,0,Phagosome,Cellular Processes,Transport and catabolism
ko04146,0,72,0,4,0,1,0,1,0,1,0,0,0,0,Peroxisome,Cellular Processes,Transport and catabolism
ko04150,10,39,0,0,0,0,0,0,0,0,1,0,0,0,mTOR signaling pathway,Environmental Information Processing,Signal transduction
ko04151,4,240,0,0,0,0,0,0,0,0,1,0,0,0,PI3K-Akt signaling pathway,Environmental Information Processing,Signal transduction
ko04152,23,82,0,0,1,0,0,0,0,0,1,0,0,0,AMPK signaling pathway,Environmental Information Processing,Signal transduction
ko04210,0,64,0,0,0,0,0,0,0,0,0,0,0,0,Apoptosis,Cellular Processes,Cell growth and death
ko04260,4,60,0,0,0,0,0,0,0,0,0,0,0,0,Cardiac muscle contraction,Organismal Systems,Circulatory system
ko04261,11,92,1,0,0,0,0,0,0,0,0,0,0,0,Adrenergic signaling in cardiomyocytes,Organismal Systems,Circulatory system
ko04270,26,86,3,1,0,0,0,0,6,0,0,0,0,0,Vascular smooth muscle contraction,Organismal Systems,Circulatory system
ko04310,1,102,0,0,0,0,0,0,0,0,0,0,0,0,Wnt signaling pathway,Environmental Information Processing,Signal transduction
ko04320,0,24,0,0,0,0,0,0,0,0,0,0,0,0,Dorso-ventral axis formation,Organismal Systems,Development
ko04330,0,28,0,0,0,0,0,0,0,0,0,0,0,0,Notch signaling pathway,Environmental Information Processing,Signal transduction
ko04340,1,40,0,0,0,0,0,0,0,0,0,0,0,0,Hedgehog signaling pathway,Environmental Information Processing,Signal transduction
ko04350,0,67,0,0,0,0,0,0,0,0,0,0,0,0,TGF-beta signaling pathway,Environmental Information Processing,Signal transduction
ko04360,1,85,0,0,0,0,0,0,0,0,0,0,0,0,Axon guidance,Organismal Systems,Development
ko04370,6,39,1,1,0,0,0,0,1,1,0,0,0,0,VEGF signaling pathway,Environmental Information Processing,Signal transduction
ko04380,3,99,0,0,0,0,0,0,0,1,0,0,0,0,Osteoclast differentiation,Organismal Systems,Development
ko04390,0,107,0,0,0,0,0,0,0,0,0,0,0,0,Hippo signaling pathway,Environmental Information Processing,Signal transduction
ko04391,0,52,0,0,0,0,0,0,0,0,0,0,0,0,Hippo signaling pathway - fly,Environmental Information Processing,Signal transduction
ko04510,2,148,0,0,0,0,0,0,0,0,0,0,0,0,Focal adhesion,Cellular Processes,Cellular community
ko04512,1,60,0,0,0,0,0,0,0,0,0,0,0,0,ECM-receptor interaction,Environmental Information Processing,Signaling molecules and interaction
ko04514,0,99,0,0,0,0,0,0,0,0,0,0,0,0,Cell adhesion molecules (CAMs),Environmental Information Processing,Signaling molecules and interaction
ko04520,0,60,0,0,0,0,0,0,0,0,0,0,0,0,Adherens junction,Cellular Processes,Cellular community
ko04530,1,77,0,0,0,0,0,0,0,0,0,0,0,0,Tight junction,Cellular Processes,Cellular community
ko04540,11,59,1,0,0,0,0,0,0,0,0,0,0,0,Gap junction,Cellular Processes,Cellular community
ko04550,0,108,0,0,0,0,0,0,0,0,0,0,0,0,Signaling pathways regulating pluripotency of stem cells,Cellular Processes,Cellular community
ko04610,2,69,0,0,0,0,0,0,0,0,0,0,0,0,Complement and coagulation cascades,Organismal Systems,Immune system
ko04611,15,87,3,0,1,1,1,0,4,0,0,0,0,0,Platelet activation,Organismal Systems,Immune system
ko04612,0,41,0,0,0,0,0,0,0,0,0,0,0,0,Antigen processing and presentation,Organismal Systems,Immune system
ko04614,11,22,0,0,0,0,0,0,0,0,0,0,0,0,Renin-angiotensin system,Organismal Systems,Endocrine system
ko04620,0,76,0,0,0,0,0,0,0,0,0,0,0,0,Toll-like receptor signaling pathway,Organismal Systems,Immune system
ko04621,1,51,0,0,0,0,0,0,0,0,0,0,0,0,NOD-like receptor signaling pathway,Organismal Systems,Immune system
ko04622,0,53,0,0,0,0,0,0,0,0,0,0,0,0,RIG-I-like receptor signaling pathway,Organismal Systems,Immune system
ko04623,1,51,0,0,0,0,0,0,0,0,0,0,0,0,Cytosolic DNA-sensing pathway,Organismal Systems,Immune system
ko04626,5,78,0,0,0,0,0,0,0,0,0,0,0,0,Plant-pathogen interaction,Organismal Systems,Environmental adaptation
ko04630,0,129,0,0,0,0,0,0,0,0,0,0,0,0,Jak-STAT signaling pathway,Environmental Information Processing,Signal transduction
ko04640,2,77,0,0,0,0,0,0,0,0,0,0,0,0,Hematopoietic cell lineage,Organismal Systems,Immune system
ko04650,4,81,0,0,0,0,0,0,0,0,0,0,0,0,Natural killer cell mediated cytotoxicity,Organismal Systems,Immune system
ko04660,4,84,0,0,0,0,0,0,0,0,0,0,0,0,T cell receptor signaling pathway,Organismal Systems,Immune system
ko04662,4,55,0,0,0,0,0,0,0,0,0,0,0,0,B cell receptor signaling pathway,Organismal Systems,Immune system
ko04664,11,45,1,0,0,0,0,0,1,0,0,0,0,0,Fc epsilon RI signaling pathway,Organismal Systems,Immune system
ko04666,8,58,0,1,0,0,0,0,0,1,0,0,0,0,Fc gamma R-mediated phagocytosis,Organismal Systems,Immune system
ko04668,0,87,0,1,0,0,0,0,0,0,0,0,0,0,TNF signaling pathway,Environmental Information Processing,Signal transduction
ko04670,4,75,0,0,0,0,0,0,0,0,0,0,0,0,Leukocyte transendothelial migration,Organismal Systems,Immune system
ko04672,2,37,2,0,2,0,0,0,0,0,0,0,0,0,Intestinal immune network for IgA production,Organismal Systems,Immune system
ko04710,2,22,0,0,0,0,0,0,0,0,0,0,0,0,Circadian rhythm,Organismal Systems,Environmental adaptation
ko04711,0,8,0,0,0,0,0,0,0,0,0,0,0,0,Circadian rhythm - fly,Organismal Systems,Environmental adaptation
ko04712,0,27,0,0,0,0,0,0,0,0,0,0,0,0,Circadian rhythm - plant,Organismal Systems,Environmental adaptation
ko04713,11,76,0,0,0,0,0,0,0,0,0,0,0,0,Circadian entrainment,Organismal Systems,Environmental adaptation
ko04720,7,43,0,0,0,0,0,0,0,0,0,0,0,0,Long-term potentiation,Organismal Systems,Nervous system
ko04721,12,40,1,0,0,0,0,0,0,0,0,0,0,0,Synaptic vesicle cycle,Organismal Systems,Nervous system
ko04722,5,90,0,0,0,0,0,0,0,0,0,0,0,0,Neurotrophin signaling pathway,Organismal Systems,Nervous system
ko04723,19,74,1,1,0,0,0,0,1,0,0,0,0,0,Retrograde endocannabinoid signaling,Organismal Systems,Nervous system
ko04724,8,85,0,0,0,0,0,0,0,0,0,0,0,0,Glutamatergic synapse,Organismal Systems,Nervous system
ko04725,12,88,0,0,0,0,0,0,0,0,0,0,0,0,Cholinergic synapse,Organismal Systems,Nervous system
ko04726,42,84,8,2,10,2,1,0,13,1,9,2,0,1,Serotonergic synapse,Organismal Systems,Nervous system
ko04727,9,65,2,2,0,0,0,0,0,0,0,0,0,0,GABAergic synapse,Organismal Systems,Nervous system
ko04728,12,83,1,1,0,0,0,0,0,1,0,1,0,0,Dopaminergic synapse,Organismal Systems,Nervous system
ko04730,9,45,0,0,0,0,0,0,0,0,0,0,0,0,Long-term depression,Organismal Systems,Nervous system
ko04740,8,25,0,1,0,0,0,0,0,0,2,0,0,0,Olfactory transduction,Organismal Systems,Sensory system
ko04742,13,23,0,0,0,0,0,0,0,0,1,0,0,0,Taste transduction,Organismal Systems,Sensory system
ko04744,8,18,0,0,0,0,0,0,0,0,1,0,0,0,Phototransduction,Organismal Systems,Sensory system
ko04745,11,18,0,0,0,0,0,0,0,0,0,0,0,0,Phototransduction - fly,Organismal Systems,Sensory system
ko04750,36,67,1,1,3,0,0,0,6,0,3,0,0,1,Inflammatory mediator regulation of TRP channels,Organismal Systems,Sensory system
ko04810,6,151,0,0,0,0,0,0,0,0,0,0,0,0,Regulation of actin cytoskeleton,Cellular Processes,Cell motility
ko04910,4,86,0,1,1,0,0,0,0,0,0,0,0,0,Insulin signaling pathway,Organismal Systems,Endocrine system
ko04911,13,68,0,0,1,0,0,0,0,0,0,0,0,0,Insulin secretion,Organismal Systems,Endocrine system
ko04912,6,63,0,0,0,0,0,0,0,0,0,0,0,0,GnRH signaling pathway,Organismal Systems,Endocrine system
ko04913,24,39,3,2,4,2,0,1,8,0,3,0,0,3,Ovarian steroidogenesis,Organismal Systems,Endocrine system
ko04914,4,59,0,1,0,0,0,0,1,0,0,0,0,0,Progesterone-mediated oocyte maturation,Organismal Systems,Endocrine system
ko04915,9,65,0,0,1,0,0,0,1,0,0,0,0,0,Estrogen signaling pathway,Organismal Systems,Endocrine system
ko04916,6,67,1,1,0,0,0,0,0,0,0,0,0,0,Melanogenesis,Organismal Systems,Endocrine system
ko04917,11,57,1,0,3,0,0,0,2,0,0,0,0,0,Prolactin signaling pathway,Organismal Systems,Endocrine system
ko04918,21,49,0,1,0,0,0,1,0,1,1,0,0,0,Thyroid hormone synthesis,Organismal Systems,Endocrine system
ko04919,11,84,0,0,0,0,0,0,0,0,0,0,0,0,Thyroid hormone signaling pathway,Organismal Systems,Endocrine system
ko04920,7,53,1,0,1,0,0,0,0,1,0,1,0,0,Adipocytokine signaling pathway,Organismal Systems,Endocrine system
ko04921,13,111,2,1,0,0,0,0,3,0,1,0,0,0,Oxytocin signaling pathway,Organismal Systems,Endocrine system
ko04922,26,55,2,1,3,0,0,0,0,0,0,0,0,0,Glucagon signaling pathway,Organismal Systems,Endocrine system
ko04923,15,45,3,2,1,1,0,0,1,0,1,0,0,0,Regulation of lipolysis in adipocytes,Organismal Systems,Endocrine system
ko04924,21,46,3,2,0,0,0,0,1,0,1,0,0,0,Renin secretion,Organismal Systems,Endocrine system
ko04925,24,58,0,1,2,0,0,0,3,0,3,0,0,2,Aldosterone synthesis and secretion,Organismal Systems,Endocrine system
ko04930,6,37,0,0,1,0,0,0,0,0,0,0,0,0,Type II diabetes mellitus,Human Diseases,Endocrine and metabolic diseases
ko04931,21,73,0,1,2,0,0,0,0,0,1,0,0,0,Insulin resistance,Human Diseases,Endocrine and metabolic diseases
ko04932,2,124,0,2,1,0,0,0,0,1,0,0,0,0,Non-alcoholic fatty liver disease (NAFLD),Human Diseases,Endocrine and metabolic diseases
ko04940,3,24,0,0,0,0,0,0,0,0,0,0,0,0,Type I diabetes mellitus,Human Diseases,Endocrine and metabolic diseases
ko04950,0,26,0,0,0,0,0,0,0,0,0,0,0,0,Maturity onset diabetes of the young,Human Diseases,Endocrine and metabolic diseases
ko04960,8,26,0,0,2,0,0,0,0,0,3,0,0,0,Aldosterone-regulated sodium reabsorption,Organismal Systems,Excretory system
ko04961,9,29,0,0,1,0,0,0,1,0,0,0,0,0,Endocrine and other factor-regulated calcium reabsorption,Organismal Systems,Excretory system
ko04962,2,33,0,0,0,0,0,0,0,0,0,0,0,0,Vasopressin-regulated water reabsorption,Organismal Systems,Excretory system
ko04964,17,14,1,1,1,0,0,0,0,0,0,0,0,0,Proximal tubule bicarbonate reclamation,Organismal Systems,Excretory system
ko04966,8,17,0,0,0,0,0,0,0,0,0,0,0,0,Collecting duct acid secretion,Organismal Systems,Excretory system
ko04970,17,63,1,0,0,0,0,0,0,0,0,0,0,0,Salivary secretion,Organismal Systems,Digestive system
ko04971,14,49,0,0,0,0,0,0,0,0,0,0,0,0,Gastric acid secretion,Organismal Systems,Digestive system
ko04972,17,65,0,0,0,0,0,0,0,0,0,0,0,0,Pancreatic secretion,Organismal Systems,Digestive system
ko04973,27,20,0,0,3,0,0,0,0,0,0,0,0,0,Carbohydrate digestion and absorption,Organismal Systems,Digestive system
ko04974,47,56,3,0,0,0,0,0,0,0,4,0,0,0,Protein digestion and absorption,Organismal Systems,Digestive system
ko04975,13,26,0,1,0,0,0,1,0,0,0,0,0,0,Fat digestion and absorption,Organismal Systems,Digestive system
ko04976,175,59,7,1,2,0,0,0,2,0,5,1,0,0,Bile secretion,Organismal Systems,Digestive system
ko04977,39,21,1,0,0,0,0,0,1,0,1,0,0,0,Vitamin digestion and absorption,Organismal Systems,Digestive system
ko04978,29,30,1,0,2,0,0,0,0,0,4,0,0,0,Mineral absorption,Organismal Systems,Digestive system
ko05010,7,141,0,2,0,0,0,0,0,1,0,0,0,0,Alzheimer's disease,Human Diseases,Neurodegenerative diseases
ko05012,15,122,2,2,0,0,0,0,0,1,1,0,0,0,Parkinson's disease,Human Diseases,Neurodegenerative diseases
ko05014,10,43,0,0,0,0,0,0,0,0,0,0,0,0,Amyotrophic lateral sclerosis (ALS),Human Diseases,Neurodegenerative diseases
ko05016,3,149,0,2,0,0,0,0,0,1,0,0,0,0,Huntington's disease,Human Diseases,Neurodegenerative diseases
ko05020,3,29,0,0,1,0,0,0,0,0,0,0,0,0,Prion diseases,Human Diseases,Neurodegenerative diseases
ko05030,8,38,1,0,0,0,0,0,0,1,0,1,0,0,Cocaine addiction,Human Diseases,Substance dependence
ko05031,10,45,1,0,0,0,0,0,0,1,0,1,0,0,Amphetamine addiction,Human Diseases,Substance dependence
ko05032,12,64,1,3,0,0,0,0,0,0,1,0,0,0,Morphine addiction,Human Diseases,Substance dependence
ko05033,7,27,0,0,0,0,0,0,0,0,0,0,0,0,Nicotine addiction,Human Diseases,Substance dependence
ko05034,10,83,2,0,0,0,0,0,0,1,0,1,0,0,Alcoholism,Human Diseases,Substance dependence
ko05100,0,73,0,0,0,0,0,0,0,0,0,0,0,0,Bacterial invasion of epithelial cells,Human Diseases,Infectious diseases: Bacterial
ko05110,9,48,0,0,0,0,0,0,0,0,0,0,0,0,Vibrio cholerae infection,Human Diseases,Infectious diseases: Bacterial
ko05111,4,43,0,0,0,0,0,0,0,0,0,0,0,0,Vibrio cholerae pathogenic cycle,Human Diseases,Infectious diseases: Bacterial
ko05120,7,90,0,0,0,0,0,0,0,0,0,0,0,0,Epithelial cell signaling in Helicobacter pylori infection,Human Diseases,Infectious diseases: Bacterial
ko05130,1,42,0,0,0,0,0,0,0,0,0,0,0,0,Pathogenic Escherichia coli infection,Human Diseases,Infectious diseases: Bacterial
ko05131,2,64,0,0,0,0,0,0,0,0,0,0,0,0,Shigellosis,Human Diseases,Infectious diseases: Bacterial
ko05132,4,82,0,0,0,0,0,0,0,0,0,0,0,0,Salmonella infection,Human Diseases,Infectious diseases: Bacterial
ko05133,10,79,0,0,0,0,0,0,0,0,0,0,0,0,Pertussis,Human Diseases,Infectious diseases: Bacterial
ko05134,2,68,0,1,0,0,0,0,0,0,0,0,0,0,Legionellosis,Human Diseases,Infectious diseases: Bacterial
ko05140,6,57,1,1,0,0,0,0,1,0,0,0,0,0,Leishmaniasis,Human Diseases,Infectious diseases: Parasitic
ko05142,7,82,0,0,0,0,0,0,0,0,0,0,0,0,Chagas disease (American trypanosomiasis),Human Diseases,Infectious diseases: Parasitic
ko05143,10,37,2,0,0,0,0,0,2,0,2,0,0,1,African trypanosomiasis,Human Diseases,Infectious diseases: Parasitic
ko05144,5,65,0,0,0,0,0,0,0,0,0,0,0,0,Malaria,Human Diseases,Infectious diseases: Parasitic
ko05145,3,94,0,0,0,1,0,0,0,0,0,0,0,0,Toxoplasmosis,Human Diseases,Infectious diseases: Parasitic
ko05146,13,81,1,0,0,0,0,0,1,0,0,0,0,0,Amoebiasis,Human Diseases,Infectious diseases: Parasitic
ko05150,12,66,0,0,0,1,0,0,0,0,0,0,0,0,Staphylococcus aureus infection,Human Diseases,Infectious diseases: Bacterial
ko05152,9,131,0,0,0,0,0,0,0,2,0,0,0,0,Tuberculosis,Human Diseases,Infectious diseases: Bacterial
ko05160,8,79,0,0,0,0,0,0,0,0,0,0,0,0,Hepatitis C,Human Diseases,Infectious diseases: Viral
ko05161,0,113,0,0,0,0,0,0,0,0,0,0,0,0,Hepatitis B,Human Diseases,Infectious diseases: Viral
ko05162,4,109,0,0,0,0,0,0,0,0,0,0,0,0,Measles,Human Diseases,Infectious diseases: Viral
ko05164,3,124,0,0,0,0,0,0,0,0,0,0,0,0,Influenza A,Human Diseases,Infectious diseases: Viral
ko05166,9,206,0,0,0,0,0,0,0,0,0,0,0,0,HTLV-I infection,Human Diseases,Infectious diseases: Viral
ko05168,0,144,0,0,0,0,0,0,0,0,0,0,0,0,Herpes simplex infection,Human Diseases,Infectious diseases: Viral
ko05169,3,164,0,0,0,0,0,0,0,1,0,0,0,0,Epstein-Barr virus infection,Human Diseases,Infectious diseases: Viral
ko05200,27,316,5,1,5,0,0,0,3,0,2,0,0,0,Pathways in cancer,Human Diseases,Cancers: Overview
ko05202,0,147,0,0,0,0,0,0,0,0,0,0,0,1,Transcriptional misregulation in cancer,Human Diseases,Cancers: Overview
ko05203,0,134,0,0,0,0,0,0,0,0,0,0,0,0,Viral carcinogenesis,Human Diseases,Cancers: Overview
ko05204,99,35,1,7,0,1,0,1,0,2,0,1,0,0,Chemical carcinogenesis,Human Diseases,Cancers: Overview
ko05205,7,161,0,0,0,0,0,0,0,0,0,0,0,0,Proteoglycans in cancer,Human Diseases,Cancers: Overview
ko05206,0,228,0,5,0,0,0,0,0,0,0,0,0,0,MicroRNAs in cancer,Human Diseases,Cancers: Overview
ko05210,0,49,0,0,0,0,0,0,0,0,0,0,0,0,Colorectal cancer,Human Diseases,Cancers: Specific types
ko05211,3,51,0,0,0,0,0,0,0,0,0,0,0,0,Renal cell carcinoma,Human Diseases,Cancers: Specific types
ko05212,2,53,0,0,0,0,0,0,0,0,0,0,0,0,Pancreatic cancer,Human Diseases,Cancers: Specific types
ko05213,1,39,0,0,0,0,0,0,0,0,0,0,0,0,Endometrial cancer,Human Diseases,Cancers: Specific types
ko05214,4,47,0,0,0,0,0,0,0,0,0,0,0,0,Glioma,Human Diseases,Cancers: Specific types
ko05215,11,70,2,0,3,0,0,0,2,0,2,0,0,0,Prostate cancer,Human Diseases,Cancers: Specific types
ko05216,0,28,0,0,0,0,0,0,0,0,0,0,0,0,Thyroid cancer,Human Diseases,Cancers: Specific types
ko05217,1,42,0,0,0,0,0,0,0,0,0,0,0,0,Basal cell carcinoma,Human Diseases,Cancers: Specific types
ko05218,1,42,0,0,0,0,0,0,0,0,0,0,0,0,Melanoma,Human Diseases,Cancers: Specific types
ko05219,0,38,0,1,0,0,0,0,0,0,0,0,0,0,Bladder cancer,Human Diseases,Cancers: Specific types
ko05220,1,57,0,0,0,0,0,0,0,0,0,0,0,0,Chronic myeloid leukemia,Human Diseases,Cancers: Specific types
ko05221,1,45,0,0,0,0,0,0,0,0,0,0,0,0,Acute myeloid leukemia,Human Diseases,Cancers: Specific types
ko05222,3,66,2,2,2,0,0,0,0,0,0,0,0,0,Small cell lung cancer,Human Diseases,Cancers: Specific types
ko05223,6,46,2,1,2,0,0,0,0,0,0,0,0,0,Non-small cell lung cancer,Human Diseases,Cancers: Specific types
ko05230,37,46,4,0,3,0,0,0,0,0,4,0,0,0,Central carbon metabolism in cancer,Human Diseases,Cancers: Overview
ko05231,11,61,0,1,0,0,0,0,0,0,1,0,0,0,Choline metabolism in cancer,Human Diseases,Cancers: Overview
ko05310,5,20,1,0,0,0,0,0,1,0,0,0,0,0,Asthma,Human Diseases,Immune diseases
ko05320,4,25,0,0,0,0,0,1,0,0,0,0,0,0,Autoimmune thyroid disease,Human Diseases,Immune diseases
ko05321,0,52,0,0,0,0,0,0,0,0,0,0,0,0,Inflammatory bowel disease (IBD),Human Diseases,Immune diseases
ko05322,3,45,0,0,0,0,0,0,0,0,0,0,0,0,Systemic lupus erythematosus,Human Diseases,Immune diseases
ko05323,4,65,1,0,0,0,0,0,1,1,0,0,0,0,Rheumatoid arthritis,Human Diseases,Immune diseases
ko05330,1,22,0,0,0,0,0,0,0,0,0,0,0,0,Allograft rejection,Human Diseases,Immune diseases
ko05332,2,17,0,0,0,0,0,0,0,0,0,0,0,0,Graft-versus-host disease,Human Diseases,Immune diseases
ko05340,0,35,0,1,0,0,0,0,0,0,0,0,0,0,Primary immunodeficiency,Human Diseases,Immune diseases
ko05410,5,73,0,0,0,0,0,0,0,0,0,0,0,0,Hypertrophic cardiomyopathy (HCM),Human Diseases,Cardiovascular diseases
ko05412,2,65,0,0,0,0,0,0,0,0,0,0,0,0,Arrhythmogenic right ventricular cardiomyopathy (ARVC),Human Diseases,Cardiovascular diseases
ko05414,4,82,0,0,0,0,0,0,0,0,0,0,0,0,Dilated cardiomyopathy,Human Diseases,Cardiovascular diseases
ko05416,0,38,0,0,0,0,0,0,0,0,0,0,0,0,Viral myocarditis,Human Diseases,Cardiovascular diseases
