,nCpds,nGenes,Km0_cpd,Km0_gene,Km1_cpd,Km1_gene,Km2_cpd,Km2_gene,Km3_cpd,Km3_gene,Km4_cpd,Km4_gene,Km5_cpd,Km5_gene,pathwayInfo,pathwayGroup_A,pathwayGroup_B,pathwayGroup_C
ko00010,31,96,4,1,0,1,0,4,0,0,0,9,0,1,Glycolysis / Gluconeogenesis,Metabolism,Carbohydrate metabolism,Glycolysis / Gluconeogenesis
ko00020,20,57,2,0,0,0,0,4,0,1,1,16,2,0,Citrate cycle (TCA cycle),Metabolism,Carbohydrate metabolism,Citrate cycle (TCA cycle)
ko00030,35,76,2,1,0,0,0,0,0,1,0,3,0,0,Pentose phosphate pathway,Metabolism,Carbohydrate metabolism,Pentose phosphate pathway
ko00040,55,63,1,1,0,0,0,1,0,0,0,6,1,0,Pentose and glucuronate interconversions,Metabolism,Carbohydrate metabolism,Pentose and glucuronate interconversions
ko00051,53,98,11,1,0,0,0,1,2,0,4,9,0,1,Fructose and mannose metabolism,Metabolism,Carbohydrate metabolism,Fructose and mannose metabolism
ko00052,45,74,9,0,0,1,0,3,3,2,3,15,1,1,Galactose metabolism,Metabolism,Carbohydrate metabolism,Galactose metabolism
ko00053,47,44,4,3,0,0,1,3,0,0,0,7,3,1,Ascorbate and aldarate metabolism,Metabolism,Carbohydrate metabolism,Ascorbate and aldarate metabolism
ko00061,50,33,0,0,0,0,0,1,1,0,1,2,0,1,Fatty acid biosynthesis,Metabolism,Lipid metabolism,Fatty acid biosynthesis
ko00062,40,23,0,0,0,0,0,1,0,0,0,0,0,0,Fatty acid elongation,Metabolism,Lipid metabolism,Fatty acid elongation
ko00071,50,53,1,2,0,0,0,3,0,0,0,6,0,1,Fatty acid degradation,Metabolism,Lipid metabolism,Fatty acid degradation
ko00072,6,8,0,0,0,0,0,1,0,0,0,2,0,0,Synthesis and degradation of ketone bodies,Metabolism,Lipid metabolism,Synthesis and degradation of ketone bodies
ko00073,27,12,0,0,0,0,0,0,2,0,0,1,0,1,"Cutin, suberine and wax biosynthesis",Metabolism,Lipid metabolism,"Cutin, suberine and wax biosynthesis"
ko00100,50,30,1,0,0,0,0,2,0,1,0,0,0,0,Steroid biosynthesis,Metabolism,Lipid metabolism,Steroid biosynthesis
ko00120,47,18,1,0,0,0,0,0,0,1,0,4,0,0,Primary bile acid biosynthesis,Metabolism,Lipid metabolism,Primary bile acid biosynthesis
ko00121,35,8,1,0,0,0,0,0,0,0,0,1,0,0,Secondary bile acid biosynthesis,Metabolism,Lipid metabolism,Secondary bile acid biosynthesis
ko00130,90,55,3,1,0,0,0,5,3,1,1,11,0,2,Ubiquinone and other terpenoid-quinone biosynthesis,Metabolism,Metabolism of cofactors and vitamins,Ubiquinone and other terpenoid-quinone biosynthesis
ko00140,99,47,19,4,4,1,1,6,17,4,6,12,7,0,Steroid hormone biosynthesis,Metabolism,Lipid metabolism,Steroid hormone biosynthesis
ko00190,16,215,1,0,0,0,0,3,0,1,1,4,0,0,Oxidative phosphorylation,Metabolism,Energy metabolism,Oxidative phosphorylation
ko00195,11,63,0,0,0,0,0,0,0,0,0,0,0,0,Photosynthesis,Metabolism,Energy metabolism,Photosynthesis
ko00196,0,41,0,0,0,0,0,0,0,0,0,0,0,0,Photosynthesis - antenna proteins,Metabolism,Energy metabolism,Photosynthesis - antenna proteins
ko00220,23,55,1,2,0,1,0,4,0,3,0,5,0,2,Arginine biosynthesis,Metabolism,Amino acid metabolism,Arginine biosynthesis
ko00230,92,269,7,4,0,3,0,14,1,7,5,31,3,3,Purine metabolism,Metabolism,Nucleotide metabolism,Purine metabolism
ko00231,12,9,0,0,0,0,0,0,1,0,0,0,0,0,Puromycin biosynthesis,Metabolism,Biosynthesis of other secondary metabolites,Puromycin biosynthesis
ko00232,21,9,1,0,0,0,0,1,0,0,0,0,0,1,Caffeine metabolism,Metabolism,Biosynthesis of other secondary metabolites,Caffeine metabolism
ko00240,68,175,1,2,0,2,0,4,0,4,7,22,0,0,Pyrimidine metabolism,Metabolism,Nucleotide metabolism,Pyrimidine metabolism
ko00250,28,67,2,3,0,3,0,7,0,2,1,13,1,3,"Alanine, aspartate and glutamate metabolism",Metabolism,Amino acid metabolism,"Alanine, aspartate and glutamate metabolism"
ko00253,22,20,0,0,0,0,0,0,0,0,0,0,0,0,Tetracycline biosynthesis,Metabolism,Metabolism of terpenoids and polyketides,Tetracycline biosynthesis
ko00254,27,13,0,0,0,0,0,0,0,0,0,0,0,0,Aflatoxin biosynthesis,Metabolism,Biosynthesis of other secondary metabolites,Aflatoxin biosynthesis
ko00260,50,93,1,1,0,0,0,3,0,1,0,8,0,1,"Glycine, serine and threonine metabolism",Metabolism,Amino acid metabolism,"Glycine, serine and threonine metabolism"
ko00261,39,28,1,0,0,0,0,0,2,0,0,0,0,0,Monobactam biosynthesis,Metabolism,Biosynthesis of other secondary metabolites,Monobactam biosynthesis
ko00270,62,93,1,3,0,0,0,7,0,0,1,12,0,4,Cysteine and methionine metabolism,Metabolism,Amino acid metabolism,Cysteine and methionine metabolism
ko00280,42,69,2,2,0,0,2,4,0,1,1,8,0,2,"Valine, leucine and isoleucine degradation",Metabolism,Amino acid metabolism,"Valine, leucine and isoleucine degradation"
ko00281,21,16,0,0,0,0,0,0,0,0,0,0,0,0,Geraniol degradation,Metabolism,Metabolism of terpenoids and polyketides,Geraniol degradation
ko00290,23,17,4,6,0,2,2,1,4,1,2,2,0,0,"Valine, leucine and isoleucine biosynthesis",Metabolism,Amino acid metabolism,"Valine, leucine and isoleucine biosynthesis"
ko00300,35,46,1,3,0,2,0,3,0,1,1,4,0,1,Lysine biosynthesis,Metabolism,Amino acid metabolism,Lysine biosynthesis
ko00310,52,72,1,3,0,0,0,4,2,1,5,19,0,2,Lysine degradation,Metabolism,Amino acid metabolism,Lysine degradation
ko00311,18,15,0,0,0,0,0,0,0,0,0,0,0,0,Penicillin and cephalosporin biosynthesis,Metabolism,Biosynthesis of other secondary metabolites,Penicillin and cephalosporin biosynthesis
ko00330,76,96,1,4,0,0,0,2,0,0,1,10,0,2,Arginine and proline metabolism,Metabolism,Amino acid metabolism,Arginine and proline metabolism
ko00331,10,5,0,0,0,0,0,0,0,0,0,0,0,0,Clavulanic acid biosynthesis,Metabolism,Biosynthesis of other secondary metabolites,Clavulanic acid biosynthesis
ko00332,32,19,0,0,0,0,0,0,0,0,0,0,0,0,Carbapenem biosynthesis,Metabolism,Biosynthesis of other secondary metabolites,Carbapenem biosynthesis
ko00340,47,44,1,2,0,0,0,1,0,2,1,6,0,1,Histidine metabolism,Metabolism,Amino acid metabolism,Histidine metabolism
ko00350,77,69,2,3,0,1,0,5,2,0,5,17,0,2,Tyrosine metabolism,Metabolism,Amino acid metabolism,Tyrosine metabolism
ko00360,72,75,7,4,0,0,0,6,1,0,11,21,0,2,Phenylalanine metabolism,Metabolism,Amino acid metabolism,Phenylalanine metabolism
ko00361,83,39,0,0,0,0,0,0,1,0,1,0,0,0,Chlorocyclohexane and chlorobenzene degradation,Metabolism,Xenobiotics biodegradation and metabolism,Chlorocyclohexane and chlorobenzene degradation
ko00362,66,90,5,0,0,0,0,1,1,0,1,2,0,0,Benzoate degradation,Metabolism,Xenobiotics biodegradation and metabolism,Benzoate degradation
ko00363,25,4,3,0,0,0,0,1,0,0,2,1,0,0,Bisphenol degradation,Metabolism,Xenobiotics biodegradation and metabolism,Bisphenol degradation
ko00364,32,14,0,0,0,0,0,0,0,0,0,0,0,0,Fluorobenzoate degradation,Metabolism,Xenobiotics biodegradation and metabolism,Fluorobenzoate degradation
ko00365,10,8,1,0,0,0,0,0,1,0,0,0,0,0,Furfural degradation,Metabolism,Xenobiotics biodegradation and metabolism,Furfural degradation
ko00380,81,64,1,3,0,0,0,5,2,5,0,9,0,2,Tryptophan metabolism,Metabolism,Amino acid metabolism,Tryptophan metabolism
ko00400,35,72,3,6,1,1,0,4,1,1,2,13,0,2,"Phenylalanine, tyrosine and tryptophan biosynthesis",Metabolism,Amino acid metabolism,"Phenylalanine, tyrosine and tryptophan biosynthesis"
ko00401,32,30,1,2,0,0,0,2,1,0,0,2,1,1,Novobiocin biosynthesis,Metabolism,Biosynthesis of other secondary metabolites,Novobiocin biosynthesis
ko00402,9,8,0,0,0,0,0,0,0,0,0,0,0,0,Benzoxazinoid biosynthesis,Metabolism,Biosynthesis of other secondary metabolites,Benzoxazinoid biosynthesis
ko00403,33,13,1,0,0,0,0,0,0,0,0,0,0,0,Indole diterpene alkaloid biosynthesis,Metabolism,Biosynthesis of other secondary metabolites,Indole diterpene alkaloid biosynthesis
ko00410,32,43,0,1,0,0,0,3,1,0,0,6,0,1,beta-Alanine metabolism,Metabolism,Metabolism of other amino acids,beta-Alanine metabolism
ko00430,22,24,2,0,0,0,0,1,0,2,0,1,0,0,Taurine and hypotaurine metabolism,Metabolism,Metabolism of other amino acids,Taurine and hypotaurine metabolism
ko00440,51,35,1,0,0,0,0,0,0,2,0,0,0,0,Phosphonate and phosphinate metabolism,Metabolism,Metabolism of other amino acids,Phosphonate and phosphinate metabolism
ko00450,27,28,0,0,0,0,0,1,0,0,0,3,0,0,Selenocompound metabolism,Metabolism,Metabolism of other amino acids,Selenocompound metabolism
ko00460,45,32,2,0,0,1,0,0,1,0,1,4,0,0,Cyanoamino acid metabolism,Metabolism,Metabolism of other amino acids,Cyanoamino acid metabolism
ko00471,12,6,1,0,0,0,0,0,0,0,0,2,0,1,D-Glutamine and D-glutamate metabolism,Metabolism,Metabolism of other amino acids,D-Glutamine and D-glutamate metabolism
ko00472,10,6,0,0,0,0,0,0,0,0,0,1,0,0,D-Arginine and D-ornithine metabolism,Metabolism,Metabolism of other amino acids,D-Arginine and D-ornithine metabolism
ko00473,6,5,0,0,0,0,0,1,0,0,0,1,0,0,D-Alanine metabolism,Metabolism,Metabolism of other amino acids,D-Alanine metabolism
ko00480,38,40,1,2,0,0,0,3,1,0,0,3,0,0,Glutathione metabolism,Metabolism,Metabolism of other amino acids,Glutathione metabolism
ko00500,51,105,7,4,0,0,0,3,1,3,4,14,0,0,Starch and sucrose metabolism,Metabolism,Carbohydrate metabolism,Starch and sucrose metabolism
ko00510,36,43,0,1,0,1,0,2,0,0,0,3,0,0,N-Glycan biosynthesis,Metabolism,Glycan biosynthesis and metabolism,N-Glycan biosynthesis
ko00511,0,18,0,0,0,0,0,0,0,1,0,6,0,0,Other glycan degradation,Metabolism,Glycan biosynthesis and metabolism,Other glycan degradation
ko00512,15,11,0,0,0,0,0,0,0,0,0,0,0,0,Mucin type O-Glycan biosynthesis,Metabolism,Glycan biosynthesis and metabolism,Mucin type O-Glycan biosynthesis
ko00513,28,49,0,0,0,1,0,1,0,0,0,2,0,0,Various types of N-glycan biosynthesis,Metabolism,Glycan biosynthesis and metabolism,Various types of N-glycan biosynthesis
ko00514,0,31,0,0,0,1,0,1,0,0,0,3,0,0,Other types of O-glycan biosynthesis,Metabolism,Glycan biosynthesis and metabolism,Other types of O-glycan biosynthesis
ko00520,108,147,5,1,0,2,0,6,3,1,0,7,0,1,Amino sugar and nucleotide sugar metabolism,Metabolism,Carbohydrate metabolism,Amino sugar and nucleotide sugar metabolism
ko00521,24,18,2,0,0,0,0,1,0,0,0,3,0,0,Streptomycin biosynthesis,Metabolism,Biosynthesis of other secondary metabolites,Streptomycin biosynthesis
ko00522,76,36,2,0,2,0,1,0,2,0,1,0,1,0,"Biosynthesis of 12-, 14- and 16-membered macrolides",Metabolism,Metabolism of terpenoids and polyketides,"Biosynthesis of 12-, 14- and 16-membered macrolides"
ko00523,39,40,0,0,0,0,0,0,0,0,0,0,0,0,Polyketide sugar unit biosynthesis,Metabolism,Metabolism of terpenoids and polyketides,Polyketide sugar unit biosynthesis
ko00524,33,21,3,0,0,0,2,1,1,0,1,1,0,0,Butirosin and neomycin biosynthesis,Metabolism,Biosynthesis of other secondary metabolites,Butirosin and neomycin biosynthesis
ko00531,27,15,0,0,0,0,0,0,0,0,0,1,0,0,Glycosaminoglycan degradation,Metabolism,Glycan biosynthesis and metabolism,Glycosaminoglycan degradation
ko00532,12,18,0,0,0,0,0,0,0,0,0,1,0,0,Glycosaminoglycan biosynthesis - chondroitin sulfate / dermatan sulfate,Metabolism,Glycan biosynthesis and metabolism,Glycosaminoglycan biosynthesis - chondroitin sulfate / dermatan sulfate
ko00533,0,14,0,0,0,1,0,1,0,0,0,0,0,0,Glycosaminoglycan biosynthesis - keratan sulfate,Metabolism,Glycan biosynthesis and metabolism,Glycosaminoglycan biosynthesis - keratan sulfate
ko00534,7,22,0,0,0,0,0,0,0,0,0,0,0,0,Glycosaminoglycan biosynthesis - heparan sulfate / heparin,Metabolism,Glycan biosynthesis and metabolism,Glycosaminoglycan biosynthesis - heparan sulfate / heparin
ko00540,30,38,0,0,0,0,0,0,1,0,0,1,0,0,Lipopolysaccharide biosynthesis,Metabolism,Glycan biosynthesis and metabolism,Lipopolysaccharide biosynthesis
ko00550,27,40,0,0,0,0,0,1,1,1,0,2,0,0,Peptidoglycan biosynthesis,Metabolism,Glycan biosynthesis and metabolism,Peptidoglycan biosynthesis
ko00561,34,76,0,1,0,0,0,0,0,0,0,5,1,2,Glycerolipid metabolism,Metabolism,Lipid metabolism,Glycerolipid metabolism
ko00562,44,62,2,0,0,0,0,1,0,0,0,5,0,1,Inositol phosphate metabolism,Metabolism,Carbohydrate metabolism,Inositol phosphate metabolism
ko00563,16,26,0,0,0,0,0,0,0,0,0,0,0,0,Glycosylphosphatidylinositol(GPI)-anchor biosynthesis,Metabolism,Glycan biosynthesis and metabolism,Glycosylphosphatidylinositol(GPI)-anchor biosynthesis
ko00564,52,109,1,1,0,0,0,2,0,0,0,10,0,0,Glycerophospholipid metabolism,Metabolism,Lipid metabolism,Glycerophospholipid metabolism
ko00565,25,29,1,0,0,0,0,0,0,0,0,2,0,0,Ether lipid metabolism,Metabolism,Lipid metabolism,Ether lipid metabolism
ko00590,75,45,28,4,1,0,1,5,35,2,14,10,0,0,Arachidonic acid metabolism,Metabolism,Lipid metabolism,Arachidonic acid metabolism
ko00591,28,24,0,0,4,0,0,1,0,1,2,3,0,0,Linoleic acid metabolism,Metabolism,Lipid metabolism,Linoleic acid metabolism
ko00592,42,23,7,0,0,0,8,2,7,0,4,2,8,0,alpha-Linolenic acid metabolism,Metabolism,Lipid metabolism,alpha-Linolenic acid metabolism
ko00600,25,41,0,0,1,0,0,5,0,1,0,12,0,1,Sphingolipid metabolism,Metabolism,Lipid metabolism,Sphingolipid metabolism
ko00601,52,25,0,0,0,1,0,1,0,0,0,0,0,0,Glycosphingolipid biosynthesis - lacto and neolacto series,Metabolism,Glycan biosynthesis and metabolism,Glycosphingolipid biosynthesis - lacto and neolacto series
ko00603,17,14,0,0,0,0,0,0,0,0,0,1,0,1,Glycosphingolipid biosynthesis - globo series,Metabolism,Glycan biosynthesis and metabolism,Glycosphingolipid biosynthesis - globo series
ko00604,31,14,0,0,0,0,0,0,0,0,0,1,0,0,Glycosphingolipid biosynthesis - ganglio series,Metabolism,Glycan biosynthesis and metabolism,Glycosphingolipid biosynthesis - ganglio series
ko00620,31,94,0,3,0,0,0,2,1,1,1,5,0,1,Pyruvate metabolism,Metabolism,Carbohydrate metabolism,Pyruvate metabolism
ko00621,58,25,3,0,0,0,0,1,0,0,1,2,0,0,Dioxin degradation,Metabolism,Xenobiotics biodegradation and metabolism,Dioxin degradation
ko00622,38,34,2,0,0,0,0,0,1,0,2,2,0,0,Xylene degradation,Metabolism,Xenobiotics biodegradation and metabolism,Xylene degradation
ko00623,43,43,5,0,0,0,0,0,0,0,1,0,0,0,Toluene degradation,Metabolism,Xenobiotics biodegradation and metabolism,Toluene degradation
ko00624,105,42,3,0,0,0,0,2,2,0,7,0,0,0,Polycyclic aromatic hydrocarbon degradation,Metabolism,Xenobiotics biodegradation and metabolism,Polycyclic aromatic hydrocarbon degradation
ko00625,40,29,0,1,0,0,0,2,0,0,0,2,0,0,Chloroalkane and chloroalkene degradation,Metabolism,Xenobiotics biodegradation and metabolism,Chloroalkane and chloroalkene degradation
ko00626,60,29,5,0,0,0,0,3,0,0,3,1,0,0,Naphthalene degradation,Metabolism,Xenobiotics biodegradation and metabolism,Naphthalene degradation
ko00627,85,70,4,0,0,0,0,3,6,0,6,5,0,1,Aminobenzoate degradation,Metabolism,Xenobiotics biodegradation and metabolism,Aminobenzoate degradation
ko00630,60,95,2,1,0,0,0,1,0,1,1,7,2,0,Glyoxylate and dicarboxylate metabolism,Metabolism,Carbohydrate metabolism,Glyoxylate and dicarboxylate metabolism
ko00633,27,21,0,0,0,0,0,0,0,0,0,0,0,1,Nitrotoluene degradation,Metabolism,Xenobiotics biodegradation and metabolism,Nitrotoluene degradation
ko00640,47,96,0,0,0,0,0,5,0,0,2,10,0,0,Propanoate metabolism,Metabolism,Carbohydrate metabolism,Propanoate metabolism
ko00642,14,17,0,0,0,0,0,0,0,0,0,0,0,0,Ethylbenzene degradation,Metabolism,Xenobiotics biodegradation and metabolism,Ethylbenzene degradation
ko00643,24,22,0,0,0,0,0,0,0,0,2,2,0,0,Styrene degradation,Metabolism,Xenobiotics biodegradation and metabolism,Styrene degradation
ko00650,41,86,3,1,0,1,0,4,0,2,1,12,0,1,Butanoate metabolism,Metabolism,Carbohydrate metabolism,Butanoate metabolism
ko00660,32,25,4,1,0,2,0,2,0,0,0,4,0,0,C5-Branched dibasic acid metabolism,Metabolism,Carbohydrate metabolism,C5-Branched dibasic acid metabolism
ko00670,9,33,0,0,0,0,0,0,0,0,0,3,0,0,One carbon pool by folate,Metabolism,Metabolism of cofactors and vitamins,One carbon pool by folate
ko00680,84,165,0,0,0,0,0,3,1,0,0,4,0,0,Methane metabolism,Metabolism,Energy metabolism,Methane metabolism
ko00710,23,36,0,1,0,0,0,1,0,1,0,2,0,0,Carbon fixation in photosynthetic organisms,Metabolism,Energy metabolism,Carbon fixation in photosynthetic organisms
ko00720,44,106,2,0,0,0,0,2,0,2,1,10,2,0,Carbon fixation pathways in prokaryotes,Metabolism,Energy metabolism,Carbon fixation pathways in prokaryotes
ko00730,30,24,0,0,0,0,0,0,1,0,0,2,0,1,Thiamine metabolism,Metabolism,Metabolism of cofactors and vitamins,Thiamine metabolism
ko00740,24,26,1,1,0,0,0,2,0,1,1,4,0,0,Riboflavin metabolism,Metabolism,Metabolism of cofactors and vitamins,Riboflavin metabolism
ko00750,28,23,2,0,0,0,0,1,0,0,0,5,0,2,Vitamin B6 metabolism,Metabolism,Metabolism of cofactors and vitamins,Vitamin B6 metabolism
ko00760,49,68,2,0,0,2,0,4,0,2,0,8,0,0,Nicotinate and nicotinamide metabolism,Metabolism,Metabolism of cofactors and vitamins,Nicotinate and nicotinamide metabolism
ko00770,28,36,1,4,0,0,0,3,2,1,1,8,0,1,Pantothenate and CoA biosynthesis,Metabolism,Metabolism of cofactors and vitamins,Pantothenate and CoA biosynthesis
ko00780,28,23,0,2,0,0,0,4,0,0,3,1,0,1,Biotin metabolism,Metabolism,Metabolism of cofactors and vitamins,Biotin metabolism
ko00785,6,4,0,0,0,0,0,1,0,0,0,1,0,0,Lipoic acid metabolism,Metabolism,Metabolism of cofactors and vitamins,Lipoic acid metabolism
ko00790,35,49,0,1,0,0,0,1,0,0,0,6,1,0,Folate biosynthesis,Metabolism,Metabolism of cofactors and vitamins,Folate biosynthesis
ko00791,21,14,0,0,0,0,0,0,0,0,0,0,0,0,Atrazine degradation,Metabolism,Xenobiotics biodegradation and metabolism,Atrazine degradation
ko00830,24,48,0,0,0,0,0,4,3,1,5,8,3,0,Retinol metabolism,Metabolism,Metabolism of cofactors and vitamins,Retinol metabolism
ko00860,124,107,0,2,0,1,0,3,1,1,1,6,0,2,Porphyrin and chlorophyll metabolism,Metabolism,Metabolism of cofactors and vitamins,Porphyrin and chlorophyll metabolism
ko00900,45,53,3,0,0,0,0,4,1,0,0,6,0,2,Terpenoid backbone biosynthesis,Metabolism,Metabolism of terpenoids and polyketides,Terpenoid backbone biosynthesis
ko00901,47,10,2,0,0,0,0,0,0,0,0,1,0,0,Indole alkaloid biosynthesis,Metabolism,Biosynthesis of other secondary metabolites,Indole alkaloid biosynthesis
ko00902,49,22,0,0,0,0,0,0,0,0,0,0,0,0,Monoterpenoid biosynthesis,Metabolism,Metabolism of terpenoids and polyketides,Monoterpenoid biosynthesis
ko00903,64,14,0,0,0,0,0,1,1,0,1,1,0,0,Limonene and pinene degradation,Metabolism,Metabolism of terpenoids and polyketides,Limonene and pinene degradation
ko00904,99,42,12,1,7,0,0,0,13,1,4,0,3,0,Diterpenoid biosynthesis,Metabolism,Metabolism of terpenoids and polyketides,Diterpenoid biosynthesis
ko00905,29,10,0,0,0,0,0,0,0,0,0,0,0,0,Brassinosteroid biosynthesis,Metabolism,Metabolism of terpenoids and polyketides,Brassinosteroid biosynthesis
ko00906,115,46,4,1,3,1,0,2,3,1,5,1,3,3,Carotenoid biosynthesis,Metabolism,Metabolism of terpenoids and polyketides,Carotenoid biosynthesis
ko00908,39,8,2,1,0,0,0,0,1,0,2,0,0,0,Zeatin biosynthesis,Metabolism,Metabolism of terpenoids and polyketides,Zeatin biosynthesis
ko00909,88,66,1,0,0,0,0,2,5,0,2,0,0,0,Sesquiterpenoid and triterpenoid biosynthesis,Metabolism,Metabolism of terpenoids and polyketides,Sesquiterpenoid and triterpenoid biosynthesis
ko00910,19,57,0,1,0,0,0,5,0,1,0,2,0,1,Nitrogen metabolism,Metabolism,Energy metabolism,Nitrogen metabolism
ko00920,29,92,0,0,0,0,0,1,0,1,1,4,0,1,Sulfur metabolism,Metabolism,Energy metabolism,Sulfur metabolism
ko00930,26,22,2,0,0,0,2,0,1,0,2,2,0,0,Caprolactam degradation,Metabolism,Xenobiotics biodegradation and metabolism,Caprolactam degradation
ko00940,65,32,5,2,0,0,2,3,1,0,7,6,0,2,Phenylpropanoid biosynthesis,Metabolism,Biosynthesis of other secondary metabolites,Phenylpropanoid biosynthesis
ko00941,68,19,0,1,0,0,1,0,0,0,0,2,0,1,Flavonoid biosynthesis,Metabolism,Biosynthesis of other secondary metabolites,Flavonoid biosynthesis
ko00942,66,14,0,0,0,0,0,0,0,0,2,0,0,0,Anthocyanin biosynthesis,Metabolism,Biosynthesis of other secondary metabolites,Anthocyanin biosynthesis
ko00943,63,13,1,0,0,0,0,0,0,0,0,0,0,0,Isoflavonoid biosynthesis,Metabolism,Biosynthesis of other secondary metabolites,Isoflavonoid biosynthesis
ko00944,49,12,2,0,0,0,5,1,0,0,0,2,1,0,Flavone and flavonol biosynthesis,Metabolism,Biosynthesis of other secondary metabolites,Flavone and flavonol biosynthesis
ko00945,25,13,3,0,1,0,0,1,2,0,2,2,1,0,"Stilbenoid, diarylheptanoid and gingerol biosynthesis",Metabolism,Biosynthesis of other secondary metabolites,"Stilbenoid, diarylheptanoid and gingerol biosynthesis"
ko00950,93,42,1,2,0,0,0,3,1,0,1,9,0,2,Isoquinoline alkaloid biosynthesis,Metabolism,Biosynthesis of other secondary metabolites,Isoquinoline alkaloid biosynthesis
ko00960,68,26,2,3,0,0,1,3,0,0,4,6,0,1,"Tropane, piperidine and pyridine alkaloid biosynthesis",Metabolism,Biosynthesis of other secondary metabolites,"Tropane, piperidine and pyridine alkaloid biosynthesis"
ko00965,24,7,0,0,0,0,0,0,1,0,0,3,0,0,Betalain biosynthesis,Metabolism,Biosynthesis of other secondary metabolites,Betalain biosynthesis
ko00966,75,15,4,0,0,0,2,0,1,0,2,0,0,0,Glucosinolate biosynthesis,Metabolism,Biosynthesis of other secondary metabolites,Glucosinolate biosynthesis
ko00970,52,63,4,4,0,0,0,1,1,0,2,21,0,0,Aminoacyl-tRNA biosynthesis,Genetic Information Processing,Translation,Aminoacyl-tRNA biosynthesis
ko00980,121,34,0,2,0,1,0,4,3,3,3,7,0,0,Metabolism of xenobiotics by cytochrome P450,Metabolism,Xenobiotics biodegradation and metabolism,Metabolism of xenobiotics by cytochrome P450
ko00981,25,16,0,0,0,0,0,0,4,1,4,1,2,0,Insect hormone biosynthesis,Metabolism,Metabolism of terpenoids and polyketides,Insect hormone biosynthesis
ko00982,100,24,3,0,3,0,0,4,0,0,5,6,0,0,Drug metabolism - cytochrome P450,Metabolism,Xenobiotics biodegradation and metabolism,Drug metabolism - cytochrome P450
ko00983,49,22,0,1,0,0,1,2,0,0,0,10,0,1,Drug metabolism - other enzymes,Metabolism,Xenobiotics biodegradation and metabolism,Drug metabolism - other enzymes
ko00984,17,15,0,0,0,0,0,0,0,0,4,1,0,0,Steroid degradation,Metabolism,Xenobiotics biodegradation and metabolism,Steroid degradation
ko01040,54,27,1,0,0,0,0,1,1,1,1,0,1,0,Biosynthesis of unsaturated fatty acids,Metabolism,Lipid metabolism,Biosynthesis of unsaturated fatty acids
ko01051,32,32,0,0,0,0,0,0,0,0,0,0,0,0,Biosynthesis of ansamycins,Metabolism,Metabolism of terpenoids and polyketides,Biosynthesis of ansamycins
ko01052,21,111,0,0,0,0,0,0,0,0,0,0,0,0,Type I polyketide structures,Metabolism,Metabolism of terpenoids and polyketides,Type I polyketide structures
ko01053,13,30,1,0,0,0,0,0,0,0,0,0,0,0,Biosynthesis of siderophore group nonribosomal peptides,Metabolism,Metabolism of terpenoids and polyketides,Biosynthesis of siderophore group nonribosomal peptides
ko01054,14,54,0,0,0,0,0,0,0,0,0,0,0,0,Nonribosomal peptide structures,Metabolism,Metabolism of terpenoids and polyketides,Nonribosomal peptide structures
ko01055,19,29,1,0,0,0,0,0,2,0,0,0,0,0,Biosynthesis of vancomycin group antibiotics,Metabolism,Metabolism of terpenoids and polyketides,Biosynthesis of vancomycin group antibiotics
ko01056,24,9,0,0,0,0,0,0,0,0,0,0,0,0,Biosynthesis of type II polyketide backbone,Metabolism,Metabolism of terpenoids and polyketides,Biosynthesis of type II polyketide backbone
ko01057,139,70,2,0,0,0,0,0,0,0,0,0,0,0,Biosynthesis of type II polyketide products,Metabolism,Metabolism of terpenoids and polyketides,Biosynthesis of type II polyketide products
ko01058,7,2,0,0,0,0,0,0,0,0,0,0,0,0,Acridone alkaloid biosynthesis,Metabolism,Biosynthesis of other secondary metabolites,Acridone alkaloid biosynthesis
ko01100,0,0,0,0,0,0,0,0,0,0,0,0,0,0,Metabolic pathways,Metabolism,Global and overview maps,Metabolic pathways
ko01110,0,0,0,0,0,0,0,0,0,0,0,0,0,0,Biosynthesis of secondary metabolites,Metabolism,Global and overview maps,Biosynthesis of secondary metabolites
ko01120,0,0,0,0,0,0,0,0,0,0,0,0,0,0,Microbial metabolism in diverse environments,Metabolism,Global and overview maps,Microbial metabolism in diverse environments
ko01130,0,0,0,0,0,0,0,0,0,0,0,0,0,0,Biosynthesis of antibiotics,Metabolism,Global and overview maps,Biosynthesis of antibiotics
ko01200,0,0,0,0,0,0,0,0,0,0,0,0,0,0,Carbon metabolism,Metabolism,Global and overview maps,Carbon metabolism
ko01210,0,0,0,0,0,0,0,0,0,0,0,0,0,0,2-Oxocarboxylic acid metabolism,Metabolism,Global and overview maps,2-Oxocarboxylic acid metabolism
ko01212,0,0,0,0,0,0,0,0,0,0,0,0,0,0,Fatty acid metabolism,Metabolism,Global and overview maps,Fatty acid metabolism
ko01220,0,0,0,0,0,0,0,0,0,0,0,0,0,0,Degradation of aromatic compounds,Metabolism,Global and overview maps,Degradation of aromatic compounds
ko01230,0,0,0,0,0,0,0,0,0,0,0,0,0,0,Biosynthesis of amino acids,Metabolism,Global and overview maps,Biosynthesis of amino acids
ko01501,0,0,0,0,0,0,0,0,0,0,0,0,0,0,beta-Lactam resistance,Human Diseases,Drug resistance,beta-Lactam resistance
ko01502,0,0,0,0,0,0,0,0,0,0,0,0,0,0,Vancomycin resistance,Human Diseases,Drug resistance,Vancomycin resistance
ko01503,0,0,0,0,0,0,0,0,0,0,0,0,0,0,Cationic antimicrobial peptide (CAMP) resistance,Human Diseases,Drug resistance,Cationic antimicrobial peptide (CAMP) resistance
ko02010,128,459,8,0,0,0,0,0,3,0,3,0,0,0,ABC transporters,Environmental Information Processing,Membrane transport,ABC transporters
ko02020,48,455,2,0,0,1,0,1,0,0,1,4,1,0,Two-component system,Environmental Information Processing,Signal transduction,Two-component system
ko02030,6,26,1,0,0,0,0,0,0,0,0,0,0,0,Bacterial chemotaxis,Cellular Processes,Cell motility,Bacterial chemotaxis
ko02040,0,37,0,0,0,0,0,0,0,0,0,0,0,0,Flagellar assembly,Cellular Processes,Cell motility,Flagellar assembly
ko02060,52,83,4,0,0,0,1,0,3,0,0,1,0,1,Phosphotransferase system (PTS),Environmental Information Processing,Membrane transport,Phosphotransferase system (PTS)
ko03008,0,82,0,0,0,0,0,0,0,0,0,0,0,0,Ribosome biogenesis in eukaryotes,Genetic Information Processing,Translation,Ribosome biogenesis in eukaryotes
ko03010,0,143,0,0,0,0,0,1,0,0,0,0,0,0,Ribosome,Genetic Information Processing,Translation,Ribosome
ko03013,3,138,0,0,0,0,0,0,0,0,0,0,0,0,RNA transport,Genetic Information Processing,Translation,RNA transport
ko03015,0,59,0,0,0,0,0,1,0,0,0,0,0,0,mRNA surveillance pathway,Genetic Information Processing,Translation,mRNA surveillance pathway
ko03018,0,78,0,0,0,0,0,0,0,0,0,0,0,0,RNA degradation,Genetic Information Processing,"Folding, sorting and degradation",RNA degradation
ko03020,0,51,0,0,0,0,0,0,0,0,0,0,0,0,RNA polymerase,Genetic Information Processing,Transcription,RNA polymerase
ko03022,0,35,0,0,0,0,0,0,0,0,0,0,0,0,Basal transcription factors,Genetic Information Processing,Transcription,Basal transcription factors
ko03030,0,59,0,0,0,0,0,1,0,0,0,1,0,0,DNA replication,Genetic Information Processing,Replication and repair,DNA replication
ko03040,0,121,0,0,0,0,0,0,0,0,0,0,0,0,Spliceosome,Genetic Information Processing,Transcription,Spliceosome
ko03050,0,48,0,0,0,0,0,0,0,0,0,0,0,0,Proteasome,Genetic Information Processing,"Folding, sorting and degradation",Proteasome
ko03060,0,39,0,0,0,0,0,0,0,0,0,0,0,0,Protein export,Genetic Information Processing,"Folding, sorting and degradation",Protein export
ko03070,1,74,0,0,0,0,0,0,0,0,0,0,0,0,Bacterial secretion system,Environmental Information Processing,Membrane transport,Bacterial secretion system
ko03320,5,58,1,0,0,0,0,1,1,0,1,3,0,0,PPAR signaling pathway,Organismal Systems,Endocrine system,PPAR signaling pathway
ko03410,0,40,0,0,0,0,0,1,0,0,0,2,0,0,Base excision repair,Genetic Information Processing,Replication and repair,Base excision repair
ko03420,0,47,0,0,0,0,0,1,0,0,0,1,0,0,Nucleotide excision repair,Genetic Information Processing,Replication and repair,Nucleotide excision repair
ko03430,0,44,0,0,0,0,0,1,0,0,0,1,0,0,Mismatch repair,Genetic Information Processing,Replication and repair,Mismatch repair
ko03440,0,60,0,0,0,0,0,0,0,0,0,0,0,0,Homologous recombination,Genetic Information Processing,Replication and repair,Homologous recombination
ko03450,0,19,0,0,0,0,0,0,0,0,0,2,0,0,Non-homologous end-joining,Genetic Information Processing,Replication and repair,Non-homologous end-joining
ko03460,0,54,0,0,0,0,0,0,0,0,0,0,0,0,Fanconi anemia pathway,Genetic Information Processing,Replication and repair,Fanconi anemia pathway
ko04010,5,190,0,0,0,0,0,0,0,0,0,0,0,0,MAPK signaling pathway,Environmental Information Processing,Signal transduction,MAPK signaling pathway
ko04011,0,90,0,0,0,0,0,0,0,0,0,0,0,0,MAPK signaling pathway - yeast,Environmental Information Processing,Signal transduction,MAPK signaling pathway - yeast
ko04012,4,68,0,0,0,0,0,0,0,0,0,0,0,0,ErbB signaling pathway,Environmental Information Processing,Signal transduction,ErbB signaling pathway
ko04013,0,18,0,0,0,0,0,0,0,0,0,0,0,0,MAPK signaling pathway - fly,Environmental Information Processing,Signal transduction,MAPK signaling pathway - fly
ko04014,7,167,0,0,0,0,0,0,0,0,0,0,0,0,Ras signaling pathway,Environmental Information Processing,Signal transduction,Ras signaling pathway
ko04015,5,156,0,0,0,0,0,0,0,0,0,0,0,0,Rap1 signaling pathway,Environmental Information Processing,Signal transduction,Rap1 signaling pathway
ko04020,10,141,0,0,0,0,0,1,0,0,0,1,0,0,Calcium signaling pathway,Environmental Information Processing,Signal transduction,Calcium signaling pathway
ko04022,14,117,1,0,0,0,0,0,0,0,1,2,1,0,cGMP-PKG signaling pathway,Environmental Information Processing,Signal transduction,cGMP-PKG signaling pathway
ko04024,40,146,4,0,0,0,0,0,2,0,4,1,0,0,cAMP signaling pathway,Environmental Information Processing,Signal transduction,cAMP signaling pathway
ko04060,0,212,0,0,0,0,0,0,0,0,0,0,0,0,Cytokine-cytokine receptor interaction,Environmental Information Processing,Signaling molecules and interaction,Cytokine-cytokine receptor interaction
ko04062,5,146,0,0,0,0,0,0,0,0,0,0,0,0,Chemokine signaling pathway,Organismal Systems,Immune system,Chemokine signaling pathway
ko04064,3,87,0,0,0,0,0,0,0,0,0,1,0,0,NF-kappa B signaling pathway,Environmental Information Processing,Signal transduction,NF-kappa B signaling pathway
ko04066,15,71,2,0,0,0,0,0,0,0,0,1,0,0,HIF-1 signaling pathway,Environmental Information Processing,Signal transduction,HIF-1 signaling pathway
ko04068,5,100,2,0,0,0,0,0,0,0,0,2,0,0,FoxO signaling pathway,Environmental Information Processing,Signal transduction,FoxO signaling pathway
ko04070,29,51,1,0,0,0,0,1,0,0,0,3,0,0,Phosphatidylinositol signaling system,Environmental Information Processing,Signal transduction,Phosphatidylinositol signaling system
ko04071,16,78,0,0,1,0,0,4,0,0,1,4,0,0,Sphingolipid signaling pathway,Environmental Information Processing,Signal transduction,Sphingolipid signaling pathway
ko04072,13,99,1,0,0,0,0,0,1,0,0,1,0,0,Phospholipase D signaling pathway,Environmental Information Processing,Signal transduction,Phospholipase D signaling pathway
ko04075,12,45,1,0,0,0,0,0,1,0,2,0,0,0,Plant hormone signal transduction,Environmental Information Processing,Signal transduction,Plant hormone signal transduction
ko04080,130,252,8,0,0,0,0,0,6,0,5,0,0,0,Neuroactive ligand-receptor interaction,Environmental Information Processing,Signaling molecules and interaction,Neuroactive ligand-receptor interaction
ko04110,0,107,0,0,0,0,0,0,0,0,0,0,0,0,Cell cycle,Cellular Processes,Cell growth and death,Cell cycle
ko04111,2,122,0,0,0,0,0,0,0,0,0,0,0,0,Cell cycle - yeast,Cellular Processes,Cell growth and death,Cell cycle - yeast
ko04112,1,31,0,0,0,0,0,0,0,1,0,0,0,0,Cell cycle - Caulobacter,Cellular Processes,Cell growth and death,Cell cycle - Caulobacter
ko04113,3,99,1,0,0,0,0,0,0,0,0,0,0,0,Meiosis - yeast,Cellular Processes,Cell growth and death,Meiosis - yeast
ko04114,4,76,0,0,0,0,0,0,1,0,0,0,0,0,Oocyte meiosis,Cellular Processes,Cell growth and death,Oocyte meiosis
ko04115,0,60,0,0,0,0,0,0,0,0,0,0,0,0,p53 signaling pathway,Cellular Processes,Cell growth and death,p53 signaling pathway
ko04120,0,124,0,0,0,0,0,0,0,0,0,0,0,0,Ubiquitin mediated proteolysis,Genetic Information Processing,"Folding, sorting and degradation",Ubiquitin mediated proteolysis
ko04122,10,21,1,0,0,0,0,0,0,0,0,3,1,0,Sulfur relay system,Genetic Information Processing,"Folding, sorting and degradation",Sulfur relay system
ko04130,0,34,0,0,0,0,0,0,0,0,0,0,0,0,SNARE interactions in vesicular transport,Genetic Information Processing,"Folding, sorting and degradation",SNARE interactions in vesicular transport
ko04140,5,24,0,0,0,0,0,0,0,0,0,0,0,0,Regulation of autophagy,Cellular Processes,Transport and catabolism,Regulation of autophagy
ko04141,6,140,0,0,0,0,0,1,0,0,0,2,0,0,Protein processing in endoplasmic reticulum,Genetic Information Processing,"Folding, sorting and degradation",Protein processing in endoplasmic reticulum
ko04142,4,102,1,0,0,0,0,2,0,0,0,9,0,0,Lysosome,Cellular Processes,Transport and catabolism,Lysosome
ko04144,6,177,0,0,0,0,0,0,0,0,0,0,0,0,Endocytosis,Cellular Processes,Transport and catabolism,Endocytosis
ko04145,1,95,0,0,0,0,0,0,0,0,0,0,0,0,Phagosome,Cellular Processes,Transport and catabolism,Phagosome
ko04146,0,72,0,1,0,0,0,3,0,1,0,3,0,0,Peroxisome,Cellular Processes,Transport and catabolism,Peroxisome
ko04150,10,39,1,0,0,0,0,0,0,0,0,0,0,0,mTOR signaling pathway,Environmental Information Processing,Signal transduction,mTOR signaling pathway
ko04151,4,240,1,0,0,0,0,0,0,0,0,1,0,0,PI3K-Akt signaling pathway,Environmental Information Processing,Signal transduction,PI3K-Akt signaling pathway
ko04152,23,82,2,0,0,0,0,0,0,0,0,1,0,0,AMPK signaling pathway,Environmental Information Processing,Signal transduction,AMPK signaling pathway
ko04210,4,109,0,0,0,0,0,0,0,0,0,0,0,0,Apoptosis,Cellular Processes,Cell growth and death,Apoptosis
ko04214,1,56,0,0,0,0,0,0,0,0,0,0,0,0,Apoptosis - fly,Cellular Processes,Cell growth and death,Apoptosis - fly
ko04260,4,60,0,0,0,0,0,0,0,0,0,0,0,0,Cardiac muscle contraction,Organismal Systems,Circulatory system,Cardiac muscle contraction
ko04261,11,92,1,0,0,0,0,0,0,0,0,0,0,0,Adrenergic signaling in cardiomyocytes,Organismal Systems,Circulatory system,Adrenergic signaling in cardiomyocytes
ko04270,26,86,2,0,0,0,0,0,6,0,2,1,0,0,Vascular smooth muscle contraction,Organismal Systems,Circulatory system,Vascular smooth muscle contraction
ko04310,1,103,0,0,0,0,0,0,0,0,0,0,0,0,Wnt signaling pathway,Environmental Information Processing,Signal transduction,Wnt signaling pathway
ko04320,0,24,0,0,0,0,0,0,0,0,0,0,0,0,Dorso-ventral axis formation,Organismal Systems,Development,Dorso-ventral axis formation
ko04330,0,28,0,0,0,0,0,0,0,0,0,0,0,0,Notch signaling pathway,Environmental Information Processing,Signal transduction,Notch signaling pathway
ko04340,1,39,0,0,0,0,0,0,0,0,0,0,0,0,Hedgehog signaling pathway,Environmental Information Processing,Signal transduction,Hedgehog signaling pathway
ko04350,0,69,0,0,0,0,0,0,0,0,0,0,0,0,TGF-beta signaling pathway,Environmental Information Processing,Signal transduction,TGF-beta signaling pathway
ko04360,1,122,0,0,0,0,0,0,0,0,0,0,0,0,Axon guidance,Organismal Systems,Development,Axon guidance
ko04370,6,39,1,0,0,0,0,1,1,0,1,1,0,0,VEGF signaling pathway,Environmental Information Processing,Signal transduction,VEGF signaling pathway
ko04380,3,99,0,0,0,0,0,1,0,0,0,0,0,0,Osteoclast differentiation,Organismal Systems,Development,Osteoclast differentiation
ko04390,0,109,0,0,0,0,0,0,0,0,0,0,0,0,Hippo signaling pathway,Environmental Information Processing,Signal transduction,Hippo signaling pathway
ko04391,0,52,0,0,0,0,0,0,0,0,0,0,0,0,Hippo signaling pathway - fly,Environmental Information Processing,Signal transduction,Hippo signaling pathway - fly
ko04510,2,148,0,0,0,0,0,0,0,0,0,0,0,0,Focal adhesion,Cellular Processes,Cellular community,Focal adhesion
ko04512,1,60,0,0,0,0,0,0,0,0,0,0,0,0,ECM-receptor interaction,Environmental Information Processing,Signaling molecules and interaction,ECM-receptor interaction
ko04514,0,99,0,0,0,0,0,0,0,0,0,0,0,0,Cell adhesion molecules (CAMs),Environmental Information Processing,Signaling molecules and interaction,Cell adhesion molecules (CAMs)
ko04520,0,60,0,0,0,0,0,0,0,0,0,0,0,0,Adherens junction,Cellular Processes,Cellular community,Adherens junction
ko04530,1,77,0,0,0,0,0,0,0,0,0,0,0,0,Tight junction,Cellular Processes,Cellular community,Tight junction
ko04540,11,59,1,0,0,0,0,0,0,0,0,0,0,0,Gap junction,Cellular Processes,Cellular community,Gap junction
ko04550,0,108,0,0,0,0,0,0,0,0,0,0,0,1,Signaling pathways regulating pluripotency of stem cells,Cellular Processes,Cellular community,Signaling pathways regulating pluripotency of stem cells
ko04610,2,78,0,0,0,0,0,0,0,0,0,0,0,0,Complement and coagulation cascades,Organismal Systems,Immune system,Complement and coagulation cascades
ko04611,15,87,4,0,0,0,1,1,3,0,3,0,0,0,Platelet activation,Organismal Systems,Immune system,Platelet activation
ko04612,0,41,0,0,0,0,0,0,0,0,0,0,0,0,Antigen processing and presentation,Organismal Systems,Immune system,Antigen processing and presentation
ko04614,11,22,0,0,0,0,0,0,0,0,0,0,0,0,Renin-angiotensin system,Organismal Systems,Endocrine system,Renin-angiotensin system
ko04620,0,76,0,0,0,0,0,0,0,0,0,0,0,0,Toll-like receptor signaling pathway,Organismal Systems,Immune system,Toll-like receptor signaling pathway
ko04621,1,51,0,0,0,0,0,0,0,0,0,0,0,0,NOD-like receptor signaling pathway,Organismal Systems,Immune system,NOD-like receptor signaling pathway
ko04622,0,53,0,0,0,0,0,0,0,0,0,0,0,0,RIG-I-like receptor signaling pathway,Organismal Systems,Immune system,RIG-I-like receptor signaling pathway
ko04623,1,51,0,0,0,0,0,0,0,0,0,0,0,0,Cytosolic DNA-sensing pathway,Organismal Systems,Immune system,Cytosolic DNA-sensing pathway
ko04626,5,78,0,0,0,0,0,0,0,0,0,0,0,0,Plant-pathogen interaction,Organismal Systems,Environmental adaptation,Plant-pathogen interaction
ko04630,0,129,0,0,0,0,0,0,0,0,0,0,0,0,Jak-STAT signaling pathway,Environmental Information Processing,Signal transduction,Jak-STAT signaling pathway
ko04640,2,77,0,0,0,0,0,0,0,0,0,0,0,0,Hematopoietic cell lineage,Organismal Systems,Immune system,Hematopoietic cell lineage
ko04650,4,81,0,0,0,0,0,0,0,0,0,0,0,0,Natural killer cell mediated cytotoxicity,Organismal Systems,Immune system,Natural killer cell mediated cytotoxicity
ko04660,4,85,0,0,0,0,0,0,0,0,0,0,0,0,T cell receptor signaling pathway,Organismal Systems,Immune system,T cell receptor signaling pathway
ko04662,4,57,0,0,0,0,0,0,0,0,0,0,0,0,B cell receptor signaling pathway,Organismal Systems,Immune system,B cell receptor signaling pathway
ko04664,11,45,1,0,0,0,0,0,1,0,1,0,0,0,Fc epsilon RI signaling pathway,Organismal Systems,Immune system,Fc epsilon RI signaling pathway
ko04666,8,58,0,0,0,0,0,1,0,0,0,1,0,0,Fc gamma R-mediated phagocytosis,Organismal Systems,Immune system,Fc gamma R-mediated phagocytosis
ko04668,0,87,0,0,0,0,0,0,0,0,0,1,0,0,TNF signaling pathway,Environmental Information Processing,Signal transduction,TNF signaling pathway
ko04670,4,75,0,0,0,0,0,0,0,0,0,0,0,0,Leukocyte transendothelial migration,Organismal Systems,Immune system,Leukocyte transendothelial migration
ko04672,2,37,0,0,0,0,0,0,0,0,2,0,0,0,Intestinal immune network for IgA production,Organismal Systems,Immune system,Intestinal immune network for IgA production
ko04710,2,22,0,0,0,0,0,0,0,0,0,0,0,0,Circadian rhythm,Organismal Systems,Environmental adaptation,Circadian rhythm
ko04711,0,8,0,0,0,0,0,0,0,0,0,0,0,0,Circadian rhythm - fly,Organismal Systems,Environmental adaptation,Circadian rhythm - fly
ko04712,0,27,0,0,0,0,0,0,0,0,0,0,0,0,Circadian rhythm - plant,Organismal Systems,Environmental adaptation,Circadian rhythm - plant
ko04713,11,76,0,0,0,0,0,0,0,0,0,0,0,0,Circadian entrainment,Organismal Systems,Environmental adaptation,Circadian entrainment
ko04720,7,43,0,0,0,0,0,0,0,0,0,0,0,0,Long-term potentiation,Organismal Systems,Nervous system,Long-term potentiation
ko04721,12,40,1,0,0,0,0,0,0,0,0,0,0,0,Synaptic vesicle cycle,Organismal Systems,Nervous system,Synaptic vesicle cycle
ko04722,5,90,0,0,0,0,0,0,0,0,0,0,0,0,Neurotrophin signaling pathway,Organismal Systems,Nervous system,Neurotrophin signaling pathway
ko04723,19,74,1,0,0,0,0,0,1,0,1,1,0,0,Retrograde endocannabinoid signaling,Organismal Systems,Nervous system,Retrograde endocannabinoid signaling
ko04724,8,85,0,0,0,0,0,0,0,0,0,0,0,0,Glutamatergic synapse,Organismal Systems,Nervous system,Glutamatergic synapse
ko04725,12,88,0,0,0,0,0,0,0,0,0,0,0,0,Cholinergic synapse,Organismal Systems,Nervous system,Cholinergic synapse
ko04726,42,84,16,0,0,0,1,2,18,1,10,5,0,0,Serotonergic synapse,Organismal Systems,Nervous system,Serotonergic synapse
ko04727,9,65,1,0,0,0,0,0,0,0,1,2,0,0,GABAergic synapse,Organismal Systems,Nervous system,GABAergic synapse
ko04728,12,83,0,0,0,0,0,0,1,0,0,3,0,0,Dopaminergic synapse,Organismal Systems,Nervous system,Dopaminergic synapse
ko04730,9,45,0,0,0,0,0,0,0,0,0,0,0,0,Long-term depression,Organismal Systems,Nervous system,Long-term depression
ko04740,8,25,1,0,0,0,0,0,0,0,0,1,1,0,Olfactory transduction,Organismal Systems,Sensory system,Olfactory transduction
ko04742,33,40,6,0,0,0,0,0,0,0,1,1,2,0,Taste transduction,Organismal Systems,Sensory system,Taste transduction
ko04744,8,18,0,0,0,0,0,0,0,0,0,0,1,0,Phototransduction,Organismal Systems,Sensory system,Phototransduction
ko04745,11,18,0,0,0,0,0,0,0,0,0,0,0,0,Phototransduction - fly,Organismal Systems,Sensory system,Phototransduction - fly
ko04750,36,67,4,0,0,0,0,0,8,1,2,1,1,0,Inflammatory mediator regulation of TRP channels,Organismal Systems,Sensory system,Inflammatory mediator regulation of TRP channels
ko04810,6,151,0,0,0,0,0,0,0,0,0,0,0,0,Regulation of actin cytoskeleton,Cellular Processes,Cell motility,Regulation of actin cytoskeleton
ko04910,4,86,1,0,0,0,0,0,0,0,0,3,0,0,Insulin signaling pathway,Organismal Systems,Endocrine system,Insulin signaling pathway
ko04911,13,68,1,0,0,0,0,0,0,0,0,0,0,0,Insulin secretion,Organismal Systems,Endocrine system,Insulin secretion
ko04912,6,63,0,0,0,0,0,0,0,0,0,0,0,0,GnRH signaling pathway,Organismal Systems,Endocrine system,GnRH signaling pathway
ko04913,24,39,5,2,0,0,0,1,8,3,2,4,1,0,Ovarian steroidogenesis,Organismal Systems,Endocrine system,Ovarian steroidogenesis
ko04914,4,59,0,0,0,0,0,0,1,0,0,1,0,0,Progesterone-mediated oocyte maturation,Organismal Systems,Endocrine system,Progesterone-mediated oocyte maturation
ko04915,9,65,1,0,0,0,0,0,0,0,0,0,0,0,Estrogen signaling pathway,Organismal Systems,Endocrine system,Estrogen signaling pathway
ko04916,6,67,0,0,0,0,0,0,1,0,0,1,0,0,Melanogenesis,Organismal Systems,Endocrine system,Melanogenesis
ko04917,11,57,2,0,0,0,0,0,2,0,0,0,0,0,Prolactin signaling pathway,Organismal Systems,Endocrine system,Prolactin signaling pathway
ko04918,21,49,0,0,0,1,0,2,0,0,0,0,0,0,Thyroid hormone synthesis,Organismal Systems,Endocrine system,Thyroid hormone synthesis
ko04919,11,84,0,0,0,0,0,0,0,0,0,0,0,0,Thyroid hormone signaling pathway,Organismal Systems,Endocrine system,Thyroid hormone signaling pathway
ko04920,7,53,0,0,0,0,0,1,0,0,1,2,0,0,Adipocytokine signaling pathway,Organismal Systems,Endocrine system,Adipocytokine signaling pathway
ko04921,13,111,3,0,0,0,0,0,3,0,2,1,0,0,Oxytocin signaling pathway,Organismal Systems,Endocrine system,Oxytocin signaling pathway
ko04922,26,55,2,0,0,0,0,0,0,0,1,2,2,0,Glucagon signaling pathway,Organismal Systems,Endocrine system,Glucagon signaling pathway
ko04923,15,45,3,0,0,0,0,1,2,0,2,2,0,0,Regulation of lipolysis in adipocytes,Organismal Systems,Endocrine system,Regulation of lipolysis in adipocytes
ko04924,21,46,3,0,0,0,0,0,1,0,2,2,0,0,Renin secretion,Organismal Systems,Endocrine system,Renin secretion
ko04925,24,58,2,0,0,0,0,0,4,1,0,2,1,0,Aldosterone synthesis and secretion,Organismal Systems,Endocrine system,Aldosterone synthesis and secretion
ko04930,6,37,1,0,0,0,0,0,0,0,0,1,0,0,Type II diabetes mellitus,Human Diseases,Endocrine and metabolic diseases,Type II diabetes mellitus
ko04931,21,73,2,0,0,0,0,0,1,0,0,2,0,0,Insulin resistance,Human Diseases,Endocrine and metabolic diseases,Insulin resistance
ko04932,2,124,1,0,0,0,0,2,0,0,0,2,0,0,Non-alcoholic fatty liver disease (NAFLD),Human Diseases,Endocrine and metabolic diseases,Non-alcoholic fatty liver disease (NAFLD)
ko04940,3,25,0,0,0,0,0,0,0,0,0,0,0,0,Type I diabetes mellitus,Human Diseases,Endocrine and metabolic diseases,Type I diabetes mellitus
ko04950,0,26,0,0,0,0,0,0,0,0,0,0,0,0,Maturity onset diabetes of the young,Human Diseases,Endocrine and metabolic diseases,Maturity onset diabetes of the young
ko04960,8,26,1,0,0,0,0,0,2,0,0,0,0,0,Aldosterone-regulated sodium reabsorption,Organismal Systems,Excretory system,Aldosterone-regulated sodium reabsorption
ko04961,9,29,1,0,0,0,0,0,0,0,0,0,0,0,Endocrine and other factor-regulated calcium reabsorption,Organismal Systems,Excretory system,Endocrine and other factor-regulated calcium reabsorption
ko04962,2,33,0,0,0,0,0,0,0,0,0,0,0,0,Vasopressin-regulated water reabsorption,Organismal Systems,Excretory system,Vasopressin-regulated water reabsorption
ko04964,17,14,2,0,0,0,0,0,0,0,0,0,0,1,Proximal tubule bicarbonate reclamation,Organismal Systems,Excretory system,Proximal tubule bicarbonate reclamation
ko04966,8,17,0,0,0,0,0,0,0,0,0,0,0,0,Collecting duct acid secretion,Organismal Systems,Excretory system,Collecting duct acid secretion
ko04970,17,63,1,0,0,0,0,0,0,0,0,0,0,0,Salivary secretion,Organismal Systems,Digestive system,Salivary secretion
ko04971,14,49,0,0,0,0,0,0,0,0,0,0,0,0,Gastric acid secretion,Organismal Systems,Digestive system,Gastric acid secretion
ko04972,17,65,0,0,0,0,0,0,0,0,0,0,0,0,Pancreatic secretion,Organismal Systems,Digestive system,Pancreatic secretion
ko04973,27,21,3,0,0,0,0,0,0,0,0,2,0,0,Carbohydrate digestion and absorption,Organismal Systems,Digestive system,Carbohydrate digestion and absorption
ko04974,47,56,4,0,0,0,0,0,1,0,2,0,0,0,Protein digestion and absorption,Organismal Systems,Digestive system,Protein digestion and absorption
ko04975,13,26,0,1,0,0,0,0,0,0,0,1,0,0,Fat digestion and absorption,Organismal Systems,Digestive system,Fat digestion and absorption
ko04976,175,59,11,0,0,0,0,0,3,1,2,2,0,0,Bile secretion,Organismal Systems,Digestive system,Bile secretion
ko04977,39,21,1,1,0,0,0,0,1,0,1,1,0,0,Vitamin digestion and absorption,Organismal Systems,Digestive system,Vitamin digestion and absorption
ko04978,29,30,6,0,0,0,0,0,0,0,1,0,0,0,Mineral absorption,Organismal Systems,Digestive system,Mineral absorption
ko05010,7,141,0,0,0,0,0,2,0,0,0,2,0,0,Alzheimer's disease,Human Diseases,Neurodegenerative diseases,Alzheimer's disease
ko05012,15,122,1,0,0,0,0,2,1,0,1,2,0,0,Parkinson's disease,Human Diseases,Neurodegenerative diseases,Parkinson's disease
ko05014,10,43,0,0,0,0,0,0,0,0,0,0,0,0,Amyotrophic lateral sclerosis (ALS),Human Diseases,Neurodegenerative diseases,Amyotrophic lateral sclerosis (ALS)
ko05016,3,149,0,0,0,0,0,2,0,0,0,2,0,0,Huntington's disease,Human Diseases,Neurodegenerative diseases,Huntington's disease
ko05020,3,29,0,0,0,0,0,0,1,0,0,0,0,0,Prion diseases,Human Diseases,Neurodegenerative diseases,Prion diseases
ko05030,8,38,0,0,0,0,0,0,1,0,0,2,0,0,Cocaine addiction,Human Diseases,Substance dependence,Cocaine addiction
ko05031,10,45,0,0,0,0,0,0,1,0,0,2,0,0,Amphetamine addiction,Human Diseases,Substance dependence,Amphetamine addiction
ko05032,12,64,1,0,0,0,0,0,0,0,1,3,0,0,Morphine addiction,Human Diseases,Substance dependence,Morphine addiction
ko05033,7,27,0,0,0,0,0,0,0,0,0,0,0,0,Nicotine addiction,Human Diseases,Substance dependence,Nicotine addiction
ko05034,10,83,0,0,0,0,0,0,1,0,1,2,0,0,Alcoholism,Human Diseases,Substance dependence,Alcoholism
ko05100,0,73,0,0,0,0,0,0,0,0,0,0,0,0,Bacterial invasion of epithelial cells,Human Diseases,Infectious diseases: Bacterial,Bacterial invasion of epithelial cells
ko05110,9,48,0,0,0,0,0,0,0,0,0,0,0,0,Vibrio cholerae infection,Human Diseases,Infectious diseases: Bacterial,Vibrio cholerae infection
ko05111,4,43,0,0,0,0,0,0,0,0,0,0,0,0,Vibrio cholerae pathogenic cycle,Human Diseases,Infectious diseases: Bacterial,Vibrio cholerae pathogenic cycle
ko05120,7,90,0,0,0,0,0,0,0,0,0,0,0,0,Epithelial cell signaling in Helicobacter pylori infection,Human Diseases,Infectious diseases: Bacterial,Epithelial cell signaling in Helicobacter pylori infection
ko05130,1,43,0,0,0,0,0,0,0,0,0,0,0,0,Pathogenic Escherichia coli infection,Human Diseases,Infectious diseases: Bacterial,Pathogenic Escherichia coli infection
ko05131,2,64,0,0,0,0,0,0,0,0,0,0,0,0,Shigellosis,Human Diseases,Infectious diseases: Bacterial,Shigellosis
ko05132,4,82,0,0,0,0,0,0,0,0,0,0,0,0,Salmonella infection,Human Diseases,Infectious diseases: Bacterial,Salmonella infection
ko05133,10,79,0,0,0,0,0,0,0,0,0,0,0,0,Pertussis,Human Diseases,Infectious diseases: Bacterial,Pertussis
ko05134,2,68,0,0,0,0,0,0,0,0,0,1,0,0,Legionellosis,Human Diseases,Infectious diseases: Bacterial,Legionellosis
ko05140,6,57,1,0,0,0,0,0,1,0,1,1,0,0,Leishmaniasis,Human Diseases,Infectious diseases: Parasitic,Leishmaniasis
ko05142,7,82,0,0,0,0,0,0,0,0,0,0,0,0,Chagas disease (American trypanosomiasis),Human Diseases,Infectious diseases: Parasitic,Chagas disease (American trypanosomiasis)
ko05143,10,37,3,0,0,0,0,0,3,0,2,1,0,0,African trypanosomiasis,Human Diseases,Infectious diseases: Parasitic,African trypanosomiasis
ko05144,5,65,0,0,0,0,0,0,0,0,0,0,0,0,Malaria,Human Diseases,Infectious diseases: Parasitic,Malaria
ko05145,3,94,0,0,0,0,0,1,0,0,0,0,0,0,Toxoplasmosis,Human Diseases,Infectious diseases: Parasitic,Toxoplasmosis
ko05146,13,81,1,0,0,0,0,0,1,0,1,0,0,0,Amoebiasis,Human Diseases,Infectious diseases: Parasitic,Amoebiasis
ko05150,12,66,0,0,0,0,0,1,0,0,0,0,0,0,Staphylococcus aureus infection,Human Diseases,Infectious diseases: Bacterial,Staphylococcus aureus infection
ko05152,9,131,0,0,0,0,0,2,0,0,0,0,0,0,Tuberculosis,Human Diseases,Infectious diseases: Bacterial,Tuberculosis
ko05160,8,79,0,0,0,0,0,0,0,0,0,0,0,0,Hepatitis C,Human Diseases,Infectious diseases: Viral,Hepatitis C
ko05161,0,113,0,0,0,0,0,0,0,0,0,0,0,0,Hepatitis B,Human Diseases,Infectious diseases: Viral,Hepatitis B
ko05162,4,109,0,0,0,0,0,0,0,0,0,0,0,0,Measles,Human Diseases,Infectious diseases: Viral,Measles
ko05164,3,124,0,0,0,0,0,0,0,0,0,0,0,0,Influenza A,Human Diseases,Infectious diseases: Viral,Influenza A
ko05166,9,206,0,0,0,0,0,0,0,0,0,0,0,0,HTLV-I infection,Human Diseases,Infectious diseases: Viral,HTLV-I infection
ko05168,0,144,0,0,0,0,0,0,0,0,0,0,0,0,Herpes simplex infection,Human Diseases,Infectious diseases: Viral,Herpes simplex infection
ko05169,3,164,0,0,0,0,0,0,0,0,0,1,0,0,Epstein-Barr virus infection,Human Diseases,Infectious diseases: Viral,Epstein-Barr virus infection
ko05200,27,316,3,0,0,0,0,0,3,0,5,1,0,0,Pathways in cancer,Human Diseases,Cancers: Overview,Pathways in cancer
ko05202,0,147,0,1,0,0,0,0,0,0,0,0,0,0,Transcriptional misregulation in cancer,Human Diseases,Cancers: Overview,Transcriptional misregulation in cancer
ko05203,0,134,0,0,0,0,0,0,0,0,0,0,0,0,Viral carcinogenesis,Human Diseases,Cancers: Overview,Viral carcinogenesis
ko05204,99,36,0,1,0,0,0,4,0,2,1,7,0,1,Chemical carcinogenesis,Human Diseases,Cancers: Overview,Chemical carcinogenesis
ko05205,7,161,0,0,0,0,0,0,0,0,0,0,0,0,Proteoglycans in cancer,Human Diseases,Cancers: Overview,Proteoglycans in cancer
ko05206,0,228,0,0,0,0,0,0,0,1,0,4,0,1,MicroRNAs in cancer,Human Diseases,Cancers: Overview,MicroRNAs in cancer
ko05210,0,49,0,0,0,0,0,0,0,0,0,0,0,0,Colorectal cancer,Human Diseases,Cancers: Specific types,Colorectal cancer
ko05211,3,51,0,0,0,0,0,0,0,0,0,0,0,0,Renal cell carcinoma,Human Diseases,Cancers: Specific types,Renal cell carcinoma
ko05212,2,53,0,0,0,0,0,0,0,0,0,0,0,0,Pancreatic cancer,Human Diseases,Cancers: Specific types,Pancreatic cancer
ko05213,1,39,0,0,0,0,0,0,0,0,0,0,0,0,Endometrial cancer,Human Diseases,Cancers: Specific types,Endometrial cancer
ko05214,4,47,0,0,0,0,0,0,0,0,0,0,0,0,Glioma,Human Diseases,Cancers: Specific types,Glioma
ko05215,11,70,2,0,0,0,0,0,2,0,2,0,0,0,Prostate cancer,Human Diseases,Cancers: Specific types,Prostate cancer
ko05216,0,28,0,0,0,0,0,0,0,0,0,0,0,0,Thyroid cancer,Human Diseases,Cancers: Specific types,Thyroid cancer
ko05217,1,42,0,0,0,0,0,0,0,0,0,0,0,0,Basal cell carcinoma,Human Diseases,Cancers: Specific types,Basal cell carcinoma
ko05218,1,42,0,0,0,0,0,0,0,0,0,0,0,0,Melanoma,Human Diseases,Cancers: Specific types,Melanoma
ko05219,0,38,0,0,0,0,0,0,0,0,0,1,0,0,Bladder cancer,Human Diseases,Cancers: Specific types,Bladder cancer
ko05220,1,57,0,0,0,0,0,0,0,0,0,0,0,0,Chronic myeloid leukemia,Human Diseases,Cancers: Specific types,Chronic myeloid leukemia
ko05221,1,45,0,0,0,0,0,0,0,0,0,0,0,0,Acute myeloid leukemia,Human Diseases,Cancers: Specific types,Acute myeloid leukemia
ko05222,3,66,0,0,0,0,0,0,0,0,2,2,0,0,Small cell lung cancer,Human Diseases,Cancers: Specific types,Small cell lung cancer
ko05223,6,46,0,0,0,0,0,0,0,0,2,1,0,0,Non-small cell lung cancer,Human Diseases,Cancers: Specific types,Non-small cell lung cancer
ko05230,37,46,6,0,0,0,0,0,1,0,2,1,2,0,Central carbon metabolism in cancer,Human Diseases,Cancers: Overview,Central carbon metabolism in cancer
ko05231,11,61,1,0,0,0,0,0,0,0,0,1,0,0,Choline metabolism in cancer,Human Diseases,Cancers: Overview,Choline metabolism in cancer
ko05310,5,20,1,0,0,0,0,0,1,0,1,0,0,0,Asthma,Human Diseases,Immune diseases,Asthma
ko05320,4,25,0,0,0,1,0,0,0,0,0,0,0,0,Autoimmune thyroid disease,Human Diseases,Immune diseases,Autoimmune thyroid disease
ko05321,0,52,0,0,0,0,0,0,0,0,0,0,0,0,Inflammatory bowel disease (IBD),Human Diseases,Immune diseases,Inflammatory bowel disease (IBD)
ko05322,3,45,0,0,0,0,0,0,0,0,0,0,0,0,Systemic lupus erythematosus,Human Diseases,Immune diseases,Systemic lupus erythematosus
ko05323,4,65,1,0,0,0,0,1,1,0,1,0,0,0,Rheumatoid arthritis,Human Diseases,Immune diseases,Rheumatoid arthritis
ko05330,1,22,0,0,0,0,0,0,0,0,0,0,0,0,Allograft rejection,Human Diseases,Immune diseases,Allograft rejection
ko05332,2,17,0,0,0,0,0,0,0,0,0,0,0,0,Graft-versus-host disease,Human Diseases,Immune diseases,Graft-versus-host disease
ko05340,0,35,0,0,0,0,0,1,0,0,0,0,0,0,Primary immunodeficiency,Human Diseases,Immune diseases,Primary immunodeficiency
ko05410,5,73,0,0,0,0,0,0,0,0,0,0,0,0,Hypertrophic cardiomyopathy (HCM),Human Diseases,Cardiovascular diseases,Hypertrophic cardiomyopathy (HCM)
ko05412,2,65,0,0,0,0,0,0,0,0,0,0,0,0,Arrhythmogenic right ventricular cardiomyopathy (ARVC),Human Diseases,Cardiovascular diseases,Arrhythmogenic right ventricular cardiomyopathy (ARVC)
ko05414,4,82,0,0,0,0,0,0,0,0,0,0,0,0,Dilated cardiomyopathy,Human Diseases,Cardiovascular diseases,Dilated cardiomyopathy
ko05416,0,38,0,0,0,0,0,0,0,0,0,0,0,0,Viral myocarditis,Human Diseases,Cardiovascular diseases,Viral myocarditis
